model,dropout,surface,trial,rmse_bps,epp_bps,regime,asset,time_ms
SVI,0.2,0,0,777.788509493037,0.0,normal,EURUSD,
CINN,0.2,0,0,1257.1737997220189,0.0,normal,EURUSD,15994.540929794312
MLP,0.2,0,0,953.1109423652647,0.0,normal,EURUSD,9713.72675895691
SVI,0.2,0,1,766.222650217136,0.0,normal,EURUSD,
CINN,0.2,0,1,1308.14891945429,0.0,normal,EURUSD,10151.968240737915
MLP,0.2,0,1,894.5236677203694,0.0,normal,EURUSD,10496.04344367981
SVI,0.2,0,2,731.1349298265733,0.0,normal,EURUSD,
CINN,0.2,0,2,1618.120378804618,0.0,normal,EURUSD,11249.820709228516
MLP,0.2,0,2,1506.9628244067978,0.0,normal,EURUSD,9650.96926689148
SVI,0.4,0,0,553.3998822466258,0.0,normal,EURUSD,
CINN,0.4,0,0,985.7829199625846,0.0,normal,EURUSD,4739.317893981934
MLP,0.4,0,0,976.9916693602747,0.0,normal,EURUSD,5088.634252548218
SVI,0.4,0,1,681.098322484134,0.0,normal,EURUSD,
CINN,0.4,0,1,842.1544165260003,0.0,normal,EURUSD,5353.411436080933
MLP,0.4,0,1,1272.1292572713203,0.0,normal,EURUSD,5168.598413467407
SVI,0.4,0,2,816.2172227264368,0.0,normal,EURUSD,
CINN,0.4,0,2,1597.2392989934897,0.0,normal,EURUSD,5435.408353805542
MLP,0.4,0,2,1192.866071434471,0.0,normal,EURUSD,5006.902694702148
SVI,0.6,0,0,872.2137472195444,0.0,normal,EURUSD,
CINN,0.6,0,0,877.2407343186687,0.0,normal,EURUSD,6823.209047317505
MLP,0.6,0,0,1107.5800770238839,0.0,normal,EURUSD,6340.162754058838
SVI,0.6,0,1,855.7851705715682,0.0,normal,EURUSD,
CINN,0.6,0,1,2154.0041108988576,0.0,normal,EURUSD,7887.412309646606
MLP,0.6,0,1,1739.4182840597914,0.0,normal,EURUSD,5148.738861083984
SVI,0.6,0,2,755.0449139080933,0.0,normal,EURUSD,
CINN,0.6,0,2,1297.5941369870482,0.0,normal,EURUSD,5358.496427536011
MLP,0.6,0,2,1568.482160639109,56.05946562487141,normal,EURUSD,5161.881446838379
SVI,0.2,1,0,794.9694810479536,0.0,low_vol,EURUSD,
CINN,0.2,1,0,793.4504939035593,0.0,low_vol,EURUSD,10790.350914001465
MLP,0.2,1,0,811.7759106970758,0.0,low_vol,EURUSD,12156.934022903442
SVI,0.2,1,1,566.687603308057,0.0,low_vol,EURUSD,
CINN,0.2,1,1,550.0581996037954,0.0,low_vol,EURUSD,11202.7747631073
MLP,0.2,1,1,682.8487501990209,0.0,low_vol,EURUSD,11973.448991775513
SVI,0.2,1,2,880.0285757949282,0.0,low_vol,EURUSD,
CINN,0.2,1,2,851.4244473300397,0.0,low_vol,EURUSD,10949.142694473267
MLP,0.2,1,2,821.7001274840935,0.0,low_vol,EURUSD,10243.104934692383
SVI,0.4,1,0,752.0893303209131,0.0,low_vol,EURUSD,
CINN,0.4,1,0,1134.971618021816,1.4210854715202004e-10,low_vol,EURUSD,5349.080324172974
MLP,0.4,1,0,1629.7939678162218,0.0,low_vol,EURUSD,5171.781301498413
SVI,0.4,1,1,561.8688356917467,0.0,low_vol,EURUSD,
CINN,0.4,1,1,1927.699194749567,0.0,low_vol,EURUSD,5092.67520904541
MLP,0.4,1,1,1178.7940179723535,0.0,low_vol,EURUSD,5037.311553955078
SVI,0.4,1,2,961.3366666897757,0.0,low_vol,EURUSD,
CINN,0.4,1,2,983.8642437658193,0.0,low_vol,EURUSD,5015.983819961548
MLP,0.4,1,2,741.0513121951872,0.0,low_vol,EURUSD,5037.462949752808
SVI,0.6,1,0,697.2366872352309,0.0,low_vol,EURUSD,
CINN,0.6,1,0,808.7258462780107,0.0,low_vol,EURUSD,5925.859451293945
MLP,0.6,1,0,1351.8569993434069,0.0,low_vol,EURUSD,5196.368217468262
SVI,0.6,1,1,737.8238844715156,0.0,low_vol,EURUSD,
CINN,0.6,1,1,1068.5752227694177,0.0,low_vol,EURUSD,4825.143575668335
MLP,0.6,1,1,1000.0672749883829,53.015161832461466,low_vol,EURUSD,5124.233722686768
SVI,0.6,1,2,807.1697413400627,0.0,low_vol,EURUSD,
CINN,0.6,1,2,811.5914417758853,0.0,low_vol,EURUSD,6836.852073669434
MLP,0.6,1,2,827.0801749173788,0.0,low_vol,EURUSD,9353.424787521362
SVI,0.2,2,0,717.1131451885442,0.0,stress,EURUSD,
CINN,0.2,2,0,1341.8515113872754,0.0,stress,EURUSD,14148.265600204468
MLP,0.2,2,0,1521.3272081482169,0.0,stress,EURUSD,12876.331329345703
SVI,0.2,2,1,607.9755474066768,0.0,stress,EURUSD,
CINN,0.2,2,1,1471.5570330576472,0.0,stress,EURUSD,13018.580675125122
MLP,0.2,2,1,1758.441804146718,0.0,stress,EURUSD,12568.880081176758
SVI,0.2,2,2,802.6443534099145,0.0,stress,EURUSD,
CINN,0.2,2,2,1839.0832935368003,0.0,stress,EURUSD,12740.01932144165
MLP,0.2,2,2,2295.941481407129,0.0,stress,EURUSD,16439.889669418335
SVI,0.4,2,0,860.4761616259827,0.0,stress,EURUSD,
CINN,0.4,2,0,1782.2967288450313,0.0,stress,EURUSD,6708.049297332764
MLP,0.4,2,0,1957.8727085220703,0.0,stress,EURUSD,5433.279752731323
SVI,0.4,2,1,726.4715634268492,0.0,stress,EURUSD,
CINN,0.4,2,1,1808.5215299629815,0.0,stress,EURUSD,5424.217939376831
MLP,0.4,2,1,1965.2368970154225,0.0,stress,EURUSD,7743.205308914185
SVI,0.4,2,2,1379.412064756193,0.0,stress,EURUSD,
CINN,0.4,2,2,2139.6576297648926,0.0,stress,EURUSD,6029.011249542236
MLP,0.4,2,2,1869.1086754026073,0.0,stress,EURUSD,5695.727825164795
SVI,0.6,2,0,986.7130347862505,0.0,stress,EURUSD,
CINN,0.6,2,0,1603.7534571933068,0.0,stress,EURUSD,5292.877912521362
MLP,0.6,2,0,1557.9553427218232,0.0,stress,EURUSD,5488.004684448242
SVI,0.6,2,1,1415.4207220522233,0.0,stress,EURUSD,
CINN,0.6,2,1,1618.2163830669824,0.0,stress,EURUSD,5205.181837081909
MLP,0.6,2,1,1732.564550842326,0.0,stress,EURUSD,5090.623378753662
SVI,0.6,2,2,1458.5371456183525,0.0,stress,EURUSD,
CINN,0.6,2,2,1702.5385012803945,0.0,stress,EURUSD,5185.147047042847
MLP,0.6,2,2,1212.1845429568687,0.0,stress,EURUSD,5514.50252532959
SVI,0.2,3,0,613.4141143768284,0.0,normal,EURUSD,
CINN,0.2,3,0,1056.0414585302801,0.0,normal,EURUSD,11439.01515007019
MLP,0.2,3,0,1477.9830042088336,0.0,normal,EURUSD,11216.049432754517
SVI,0.2,3,1,725.4135833955444,0.0,normal,EURUSD,
CINN,0.2,3,1,1585.8687278466705,0.0,normal,EURUSD,10208.209753036499
MLP,0.2,3,1,1615.6529165629843,0.0,normal,EURUSD,11306.087970733643
SVI,0.2,3,2,632.524598899834,0.0,normal,EURUSD,
CINN,0.2,3,2,1021.6133487192358,0.0,normal,EURUSD,17256.916284561157
MLP,0.2,3,2,728.960719198862,0.0,normal,EURUSD,13642.369031906128
SVI,0.4,3,0,511.38711643123696,0.0,normal,EURUSD,
CINN,0.4,3,0,1255.8402831719343,0.0,normal,EURUSD,5236.717700958252
MLP,0.4,3,0,844.3691470873017,0.0,normal,EURUSD,6638.355016708374
SVI,0.4,3,1,525.205891669001,0.0,normal,EURUSD,
CINN,0.4,3,1,2080.479511166066,0.0,normal,EURUSD,5670.95160484314
MLP,0.4,3,1,1837.1693785729,0.0,normal,EURUSD,6398.484945297241
SVI,0.4,3,2,628.3044142800746,0.0,normal,EURUSD,
CINN,0.4,3,2,1016.9734711028646,0.0,normal,EURUSD,5251.179933547974
MLP,0.4,3,2,1647.2066854786774,0.0,normal,EURUSD,4741.594552993774
SVI,0.6,3,0,876.808119690993,0.0,normal,EURUSD,
CINN,0.6,3,0,1286.6455232121277,0.0,normal,EURUSD,5036.131381988525
MLP,0.6,3,0,1697.6557860778396,0.0,normal,EURUSD,5526.772975921631
SVI,0.6,3,1,821.7509320282996,0.0,normal,EURUSD,
CINN,0.6,3,1,1954.9170880282684,0.0,normal,EURUSD,4745.5949783325195
MLP,0.6,3,1,1211.2880270635287,0.0,normal,EURUSD,4719.060659408569
SVI,0.6,3,2,651.7422765574158,0.0,normal,EURUSD,
CINN,0.6,3,2,903.0318421643034,0.0,normal,EURUSD,7480.377674102783
MLP,0.6,3,2,1319.2890971564157,0.0,normal,EURUSD,6907.711744308472
SVI,0.2,4,0,744.4614196084391,0.0,low_vol,EURUSD,
CINN,0.2,4,0,1064.3601735326858,0.0,low_vol,EURUSD,17615.296125411987
MLP,0.2,4,0,1095.9091499124174,0.0,low_vol,EURUSD,10403.703927993774
SVI,0.2,4,1,749.6051903333558,0.0,low_vol,EURUSD,
CINN,0.2,4,1,779.6030593412834,0.0,low_vol,EURUSD,10613.3553981781
MLP,0.2,4,1,696.2047138738936,0.0,low_vol,EURUSD,12813.108444213867
SVI,0.2,4,2,683.5330535028305,0.0,low_vol,EURUSD,
CINN,0.2,4,2,925.1242356792746,0.0,low_vol,EURUSD,9979.367971420288
MLP,0.2,4,2,749.6673478593776,0.0,low_vol,EURUSD,10667.656421661377
SVI,0.4,4,0,920.2038160253617,0.0,low_vol,EURUSD,
CINN,0.4,4,0,1194.059376664458,1.4210854715202004e-10,low_vol,EURUSD,5082.985639572144
MLP,0.4,4,0,1170.1787910046896,0.0,low_vol,EURUSD,5286.753177642822
SVI,0.4,4,1,691.2998920307145,0.0,low_vol,EURUSD,
CINN,0.4,4,1,1514.6563458831852,0.0,low_vol,EURUSD,5018.5911655426025
MLP,0.4,4,1,2380.709557882699,375.1532211731501,low_vol,EURUSD,5756.367921829224
SVI,0.4,4,2,638.966562185936,0.0,low_vol,EURUSD,
CINN,0.4,4,2,1542.1888875613363,0.0,low_vol,EURUSD,5248.059034347534
MLP,0.4,4,2,1497.080065997584,0.0,low_vol,EURUSD,4780.332326889038
SVI,0.6,4,0,846.0431206817221,0.0,low_vol,EURUSD,
CINN,0.6,4,0,1318.5467715033167,0.0,low_vol,EURUSD,4672.1532344818115
MLP,0.6,4,0,889.5500650493854,0.0,low_vol,EURUSD,4858.189105987549
SVI,0.6,4,1,735.4738730179962,0.0,low_vol,EURUSD,
CINN,0.6,4,1,771.971602372659,0.0,low_vol,EURUSD,5362.4818325042725
MLP,0.6,4,1,668.2273631142285,0.0,low_vol,EURUSD,4803.855657577515
SVI,0.6,4,2,817.1500183736154,0.0,low_vol,EURUSD,
CINN,0.6,4,2,701.1360316742496,0.0,low_vol,EURUSD,4610.248804092407
MLP,0.6,4,2,1073.045587028708,4.021742336713652,low_vol,EURUSD,10071.63143157959
SVI,0.2,5,0,875.0658573632924,0.0,stress,EURUSD,
CINN,0.2,5,0,1166.3993238896846,0.0,stress,EURUSD,22408.334493637085
MLP,0.2,5,0,1052.6965624801846,0.0,stress,EURUSD,18269.295930862427
SVI,0.2,5,1,680.7803075536119,0.0,stress,EURUSD,
CINN,0.2,5,1,1684.9213075158848,0.0,stress,EURUSD,19182.2190284729
MLP,0.2,5,1,1880.2570776509685,0.0,stress,EURUSD,19714.515209197998
SVI,0.2,5,2,346.5740577127677,0.0,stress,EURUSD,
CINN,0.2,5,2,1630.4944599330718,0.0,stress,EURUSD,12742.297172546387
MLP,0.2,5,2,993.6801726788284,0.0,stress,EURUSD,10984.143733978271
SVI,0.4,5,0,778.4958900149344,0.0,stress,EURUSD,
CINN,0.4,5,0,1642.2578926518358,0.0,stress,EURUSD,7092.223644256592
MLP,0.4,5,0,1666.3078520983856,0.0,stress,EURUSD,6156.5210819244385
SVI,0.4,5,1,834.630938797803,0.0,stress,EURUSD,
CINN,0.4,5,1,1594.1758728395641,0.0,stress,EURUSD,8345.382452011108
MLP,0.4,5,1,2169.367635827046,0.0,stress,EURUSD,10220.735311508179
SVI,0.4,5,2,713.911518579322,0.0,stress,EURUSD,
CINN,0.4,5,2,1497.04152534651,0.0,stress,EURUSD,9792.479753494263
MLP,0.4,5,2,1471.8228564531717,0.0,stress,EURUSD,9840.311765670776
SVI,0.6,5,0,1267.007481246309,0.0,stress,EURUSD,
CINN,0.6,5,0,2103.588449063571,0.0,stress,EURUSD,6062.097072601318
MLP,0.6,5,0,1631.5037141414537,0.0,stress,EURUSD,6664.004564285278
SVI,0.6,5,1,1352.0341426651873,0.0,stress,EURUSD,
CINN,0.6,5,1,2312.383019064495,0.0,stress,EURUSD,5573.909044265747
MLP,0.6,5,1,1979.487854794566,0.0,stress,EURUSD,4873.370170593262
SVI,0.6,5,2,989.5008679517009,0.0,stress,EURUSD,
CINN,0.6,5,2,2125.3659831652617,0.0,stress,EURUSD,5969.571828842163
MLP,0.6,5,2,2012.1558479502628,0.0,stress,EURUSD,5054.49366569519
SVI,0.2,6,0,720.8239631299349,0.0,normal,EURUSD,
CINN,0.2,6,0,836.0755032364398,0.0,normal,EURUSD,10821.855068206787
MLP,0.2,6,0,786.4143351249858,0.0,normal,EURUSD,10552.886247634888
SVI,0.2,6,1,667.1210827858018,0.0,normal,EURUSD,
CINN,0.2,6,1,1313.8780808633392,0.0,normal,EURUSD,11942.78883934021
MLP,0.2,6,1,1395.060108125499,0.0,normal,EURUSD,10093.807220458984
SVI,0.2,6,2,480.03532710125273,0.0,normal,EURUSD,
CINN,0.2,6,2,849.1208522182561,0.0,normal,EURUSD,11060.391902923584
MLP,0.2,6,2,1159.5186330127242,0.0,normal,EURUSD,12755.353689193726
SVI,0.4,6,0,863.3067576029663,0.0,normal,EURUSD,
CINN,0.4,6,0,1564.454204186807,0.0,normal,EURUSD,6913.245677947998
MLP,0.4,6,0,905.0129404506669,0.0,normal,EURUSD,6060.184717178345
SVI,0.4,6,1,619.8766492299438,0.0,normal,EURUSD,
CINN,0.4,6,1,1845.2859247323784,0.0,normal,EURUSD,5847.863674163818
MLP,0.4,6,1,2179.4262804398827,0.0,normal,EURUSD,7275.793075561523
SVI,0.4,6,2,851.2097776628615,0.0,normal,EURUSD,
CINN,0.4,6,2,1536.168158896307,0.0,normal,EURUSD,9453.851699829102
MLP,0.4,6,2,2091.9873587944467,0.0,normal,EURUSD,7284.1174602508545
SVI,0.6,6,0,853.550351891102,0.0,normal,EURUSD,
CINN,0.6,6,0,1525.435619519057,0.0,normal,EURUSD,7347.156047821045
MLP,0.6,6,0,1806.7518562792065,6.725371927190013,normal,EURUSD,7780.4460525512695
SVI,0.6,6,1,792.0556296446991,0.0,normal,EURUSD,
CINN,0.6,6,1,1237.0519458568963,0.0,normal,EURUSD,7610.332727432251
MLP,0.6,6,1,1922.0915563936614,0.0,normal,EURUSD,7360.696315765381
SVI,0.6,6,2,892.7086818335424,0.0,normal,EURUSD,
CINN,0.6,6,2,1398.8885829589315,0.0,normal,EURUSD,5742.571830749512
MLP,0.6,6,2,1335.3618551393836,0.0,normal,EURUSD,5202.167272567749
SVI,0.2,7,0,578.4737207759912,0.0,low_vol,EURUSD,
CINN,0.2,7,0,776.2380593150313,0.0,low_vol,EURUSD,10867.731809616089
MLP,0.2,7,0,697.261677797716,0.0,low_vol,EURUSD,11467.240810394287
SVI,0.2,7,1,1072.1444120625106,0.0,low_vol,EURUSD,
CINN,0.2,7,1,1102.580520676084,1.865174681370263e-10,low_vol,EURUSD,10994.766473770142
MLP,0.2,7,1,1154.308487948393,0.0,low_vol,EURUSD,11448.489904403687
SVI,0.2,7,2,635.1952221118719,0.0,low_vol,EURUSD,
CINN,0.2,7,2,659.5408847592155,0.0,low_vol,EURUSD,11696.675300598145
MLP,0.2,7,2,898.380869271866,0.0,low_vol,EURUSD,11920.334339141846
SVI,0.4,7,0,765.7294183105794,0.0,low_vol,EURUSD,
CINN,0.4,7,0,741.1472089792022,0.0,low_vol,EURUSD,5764.099597930908
MLP,0.4,7,0,1389.4575009374755,0.0,low_vol,EURUSD,5794.815301895142
SVI,0.4,7,1,766.1794233882166,0.0,low_vol,EURUSD,
CINN,0.4,7,1,949.0392697188396,2.1316282072803006e-10,low_vol,EURUSD,5762.660503387451
MLP,0.4,7,1,874.4563866881258,0.0,low_vol,EURUSD,5859.672784805298
SVI,0.4,7,2,715.567158711437,0.0,low_vol,EURUSD,
CINN,0.4,7,2,1130.4644361037479,1.5987211554602254e-10,low_vol,EURUSD,5952.359676361084
MLP,0.4,7,2,1040.3179742042364,7.154701995427809,low_vol,EURUSD,6168.458461761475
SVI,0.6,7,0,763.4110133976288,0.0,low_vol,EURUSD,
CINN,0.6,7,0,878.6491386482813,3.552713678800501e-11,low_vol,EURUSD,5640.479326248169
MLP,0.6,7,0,840.5800926482522,0.0,low_vol,EURUSD,5327.410697937012
SVI,0.6,7,1,740.2162654767571,0.0,low_vol,EURUSD,
CINN,0.6,7,1,1638.0159170687878,0.0,low_vol,EURUSD,5492.9540157318115
MLP,0.6,7,1,627.0182412133099,0.0,low_vol,EURUSD,5809.682369232178
SVI,0.6,7,2,821.9142478630621,0.0,low_vol,EURUSD,
CINN,0.6,7,2,1213.5402922532385,1.4210854715202004e-10,low_vol,EURUSD,5851.725816726685
MLP,0.6,7,2,1712.0456759308306,0.0,low_vol,EURUSD,5385.356426239014
SVI,0.2,8,0,1256.0183729274167,0.0,stress,EURUSD,
CINN,0.2,8,0,2346.205582126686,0.0,stress,EURUSD,11584.964275360107
MLP,0.2,8,0,2645.230326322533,0.0,stress,EURUSD,11746.602058410645
SVI,0.2,8,1,566.3100344473132,0.0,stress,EURUSD,
CINN,0.2,8,1,2386.1681807159803,0.0,stress,EURUSD,11030.062198638916
MLP,0.2,8,1,1124.0954688594315,0.0,stress,EURUSD,11694.907188415527
SVI,0.2,8,2,386.0793588557527,0.0,stress,EURUSD,
CINN,0.2,8,2,1383.5123695308923,0.0,stress,EURUSD,11586.95650100708
MLP,0.2,8,2,1485.7931718377915,0.0,stress,EURUSD,11034.459114074707
SVI,0.4,8,0,844.8272906800543,0.0,stress,EURUSD,
CINN,0.4,8,0,1562.2085191209796,0.0,stress,EURUSD,6189.996719360352
MLP,0.4,8,0,2556.399801106224,0.0,stress,EURUSD,5965.165853500366
SVI,0.4,8,1,744.1721220229691,0.0,stress,EURUSD,
CINN,0.4,8,1,1875.8124850905654,0.0,stress,EURUSD,5543.581008911133
MLP,0.4,8,1,1636.3471326519277,0.0,stress,EURUSD,5451.258897781372
SVI,0.4,8,2,1335.4031474667875,0.0,stress,EURUSD,
CINN,0.4,8,2,1275.1498566441371,0.0,stress,EURUSD,5734.015464782715
MLP,0.4,8,2,1278.4384461447928,0.0,stress,EURUSD,6211.897373199463
SVI,0.6,8,0,1106.322066500675,0.0,stress,EURUSD,
CINN,0.6,8,0,1645.5574983134065,0.0,stress,EURUSD,5689.6514892578125
MLP,0.6,8,0,1243.7247306431584,0.0,stress,EURUSD,5369.7943687438965
SVI,0.6,8,1,873.0254268944118,0.0,stress,EURUSD,
CINN,0.6,8,1,1875.2078220568244,0.0,stress,EURUSD,6218.989133834839
MLP,0.6,8,1,1895.1560629724715,0.0,stress,EURUSD,6207.993984222412
SVI,0.6,8,2,1092.5531024842746,0.0,stress,EURUSD,
CINN,0.6,8,2,1864.324560825179,0.0,stress,EURUSD,5903.822183609009
MLP,0.6,8,2,1451.4550588586442,0.0,stress,EURUSD,5565.833806991577
SVI,0.2,9,0,596.4865362453935,0.0,normal,EURUSD,
CINN,0.2,9,0,1888.7832788016,1.4210854715202004e-10,normal,EURUSD,10477.580070495605
MLP,0.2,9,0,1281.7696005801047,0.0,normal,EURUSD,11346.146821975708
SVI,0.2,9,1,725.2353986044861,0.0,normal,EURUSD,
CINN,0.2,9,1,1263.5035291952538,0.0,normal,EURUSD,11107.362031936646
MLP,0.2,9,1,1392.571978256081,0.0,normal,EURUSD,11256.942510604858
SVI,0.2,9,2,450.5541612310307,0.0,normal,EURUSD,
CINN,0.2,9,2,1134.2416384247888,0.0,normal,EURUSD,11157.554149627686
MLP,0.2,9,2,700.6790643094321,0.0,normal,EURUSD,10795.729637145996
SVI,0.4,9,0,570.2043681948915,0.0,normal,EURUSD,
CINN,0.4,9,0,1289.432926683497,0.0,normal,EURUSD,5709.432125091553
MLP,0.4,9,0,1509.8847965631992,0.0,normal,EURUSD,5603.528261184692
SVI,0.4,9,1,535.291933306962,0.0,normal,EURUSD,
CINN,0.4,9,1,2223.1195426896707,0.0,normal,EURUSD,5730.583906173706
MLP,0.4,9,1,1543.3096333591832,0.0,normal,EURUSD,5877.988815307617
SVI,0.4,9,2,468.2433403536355,0.0,normal,EURUSD,
CINN,0.4,9,2,1025.7513728259698,0.0,normal,EURUSD,10764.458417892456
MLP,0.4,9,2,1323.2991653070542,0.0,normal,EURUSD,13032.820463180542
SVI,0.6,9,0,824.6857302885854,0.0,normal,EURUSD,
CINN,0.6,9,0,1923.493656624522,1.4210854715202004e-10,normal,EURUSD,6889.796018600464
MLP,0.6,9,0,1475.2358343778665,0.0,normal,EURUSD,5239.686727523804
SVI,0.6,9,1,968.0329911597074,0.0,normal,EURUSD,
CINN,0.6,9,1,1071.4865188397587,0.0,normal,EURUSD,5288.485527038574
MLP,0.6,9,1,1029.9144560574582,0.0,normal,EURUSD,7526.611804962158
SVI,0.6,9,2,773.807025616062,0.0,normal,EURUSD,
CINN,0.6,9,2,1532.4983370229174,0.0,normal,EURUSD,6917.836666107178
MLP,0.6,9,2,2182.5693445608545,70.40356193934727,normal,EURUSD,13292.770624160767
SVI,0.2,10,0,688.5911813413849,0.0,low_vol,EURUSD,
CINN,0.2,10,0,827.2207142730941,0.0,low_vol,EURUSD,20536.739826202393
MLP,0.2,10,0,837.2753886100043,0.0,low_vol,EURUSD,22565.74773788452
SVI,0.2,10,1,816.8752151439498,0.0,low_vol,EURUSD,
CINN,0.2,10,1,671.8208919056042,0.0,low_vol,EURUSD,22971.832275390625
MLP,0.2,10,1,835.0798130276296,0.0,low_vol,EURUSD,19860.522031784058
SVI,0.2,10,2,787.7587500522387,0.0,low_vol,EURUSD,
CINN,0.2,10,2,809.4501812500714,0.0,low_vol,EURUSD,16414.803743362427
MLP,0.2,10,2,787.078938087264,0.0,low_vol,EURUSD,18400.444507598877
SVI,0.4,10,0,882.3680523660098,0.0,low_vol,EURUSD,
CINN,0.4,10,0,751.181754567759,0.0,low_vol,EURUSD,7040.2350425720215
MLP,0.4,10,0,606.799102027568,0.0,low_vol,EURUSD,7535.831689834595
SVI,0.4,10,1,838.3195869579695,0.0,low_vol,EURUSD,
CINN,0.4,10,1,753.9822234369724,0.0,low_vol,EURUSD,7055.136442184448
MLP,0.4,10,1,2306.2870372917423,0.0,low_vol,EURUSD,11514.973163604736
SVI,0.4,10,2,631.1902452275878,0.0,low_vol,EURUSD,
CINN,0.4,10,2,1026.179547563136,1.7763568394002505e-10,low_vol,EURUSD,6012.925148010254
MLP,0.4,10,2,588.6483357528977,0.0,low_vol,EURUSD,5080.471992492676
SVI,0.6,10,0,886.533959166729,0.0,low_vol,EURUSD,
CINN,0.6,10,0,1093.4236780316608,1.865174681370263e-10,low_vol,EURUSD,4871.602535247803
MLP,0.6,10,0,879.8440705520836,0.0,low_vol,EURUSD,4871.070623397827
SVI,0.6,10,1,844.0092005573435,0.0,low_vol,EURUSD,
CINN,0.6,10,1,593.0224720811449,0.0,low_vol,EURUSD,4885.659456253052
MLP,0.6,10,1,556.8216801798901,0.0,low_vol,EURUSD,4808.220624923706
SVI,0.6,10,2,608.1134987960831,0.0,low_vol,EURUSD,
CINN,0.6,10,2,1853.6419854588885,0.0,low_vol,EURUSD,4985.894203186035
MLP,0.6,10,2,1142.5375683987784,0.0,low_vol,EURUSD,6096.027135848999
SVI,0.2,11,0,934.5873629246892,0.0,stress,EURUSD,
CINN,0.2,11,0,2336.9070306801113,0.0,stress,EURUSD,13036.871910095215
MLP,0.2,11,0,2599.404673160282,0.0,stress,EURUSD,9932.84273147583
SVI,0.2,11,1,1510.9016739382664,0.0,stress,EURUSD,
CINN,0.2,11,1,1880.3869209094948,0.0,stress,EURUSD,9927.25658416748
MLP,0.2,11,1,1779.5887757257124,0.0,stress,EURUSD,11736.406564712524
SVI,0.2,11,2,577.8899766130377,0.0,stress,EURUSD,
CINN,0.2,11,2,2215.857071796991,0.0,stress,EURUSD,16141.009092330933
MLP,0.2,11,2,1578.8633043322855,0.0,stress,EURUSD,14170.434713363647
SVI,0.4,11,0,1124.0169374980194,0.0,stress,EURUSD,
CINN,0.4,11,0,2052.253325701152,0.0,stress,EURUSD,6633.840799331665
MLP,0.4,11,0,1998.2615493660458,0.0,stress,EURUSD,5726.80401802063
SVI,0.4,11,1,1136.6930520344508,0.0,stress,EURUSD,
CINN,0.4,11,1,2047.5150982969842,0.0,stress,EURUSD,5515.5744552612305
MLP,0.4,11,1,2130.736323662805,0.0,stress,EURUSD,5410.84623336792
SVI,0.4,11,2,1197.6239740590001,0.0,stress,EURUSD,
CINN,0.4,11,2,1935.2469391311695,0.0,stress,EURUSD,5401.134014129639
MLP,0.4,11,2,2522.7247226491404,0.0,stress,EURUSD,6347.85270690918
SVI,0.6,11,0,1093.1482948217852,0.0,stress,EURUSD,
CINN,0.6,11,0,1713.7537079100068,0.0,stress,EURUSD,5280.019044876099
MLP,0.6,11,0,1640.7019917130717,0.0,stress,EURUSD,4819.903373718262
SVI,0.6,11,1,1313.1810841666334,0.0,stress,EURUSD,
CINN,0.6,11,1,2563.0382077665035,0.0,stress,EURUSD,4748.1958866119385
MLP,0.6,11,1,2104.8664775863003,0.0,stress,EURUSD,4824.390411376953
SVI,0.6,11,2,1497.112733998419,0.0,stress,EURUSD,
CINN,0.6,11,2,1436.068522111139,0.0,stress,EURUSD,5092.049598693848
MLP,0.6,11,2,1421.4721482950183,0.0,stress,EURUSD,6251.61075592041
SVI,0.2,12,0,661.0885076067292,0.0,normal,EURUSD,
CINN,0.2,12,0,941.172240146215,0.0,normal,EURUSD,10063.401937484741
MLP,0.2,12,0,1124.602051739016,0.0,normal,EURUSD,9224.89309310913
SVI,0.2,12,1,490.8701176416454,0.0,normal,EURUSD,
CINN,0.2,12,1,709.7398331730367,0.0,normal,EURUSD,9331.581830978394
MLP,0.2,12,1,1080.9226361875806,0.0,normal,EURUSD,9135.826826095581
SVI,0.2,12,2,580.6983996867067,0.0,normal,EURUSD,
CINN,0.2,12,2,1255.6781751753983,0.0,normal,EURUSD,9024.76191520691
MLP,0.2,12,2,1092.7058970617823,0.0,normal,EURUSD,9354.29835319519
SVI,0.4,12,0,726.3505213289819,0.0,normal,EURUSD,
CINN,0.4,12,0,785.1984022307727,0.0,normal,EURUSD,4844.696998596191
MLP,0.4,12,0,1144.6720099974573,0.0,normal,EURUSD,5135.525703430176
SVI,0.4,12,1,828.5414275090939,0.0,normal,EURUSD,
CINN,0.4,12,1,1436.563244081702,0.0,normal,EURUSD,4847.4297523498535
MLP,0.4,12,1,988.1995676734849,0.0,normal,EURUSD,4662.519454956055
SVI,0.4,12,2,541.9037885239696,0.0,normal,EURUSD,
CINN,0.4,12,2,1022.7830546155163,0.0,normal,EURUSD,4666.682243347168
MLP,0.4,12,2,1231.495373213803,0.0,normal,EURUSD,4769.413709640503
SVI,0.6,12,0,823.4515651793175,0.0,normal,EURUSD,
CINN,0.6,12,0,1258.1358274081122,0.0,normal,EURUSD,4505.687475204468
MLP,0.6,12,0,874.792091542459,0.0,normal,EURUSD,4954.5347690582275
SVI,0.6,12,1,889.91716876315,0.0,normal,EURUSD,
CINN,0.6,12,1,1436.5488696878758,0.0,normal,EURUSD,4524.895906448364
MLP,0.6,12,1,969.9548642543118,0.0,normal,EURUSD,4517.4720287323
SVI,0.6,12,2,692.4408555632014,0.0,normal,EURUSD,
CINN,0.6,12,2,936.9348291686682,0.0,normal,EURUSD,4882.461071014404
MLP,0.6,12,2,1074.9679505124225,0.0,normal,EURUSD,4849.864959716797
SVI,0.2,13,0,611.9648336780205,0.0,low_vol,EURUSD,
CINN,0.2,13,0,705.4611235337705,0.0,low_vol,EURUSD,10455.438375473022
MLP,0.2,13,0,697.8253632958205,0.0,low_vol,EURUSD,15991.484642028809
SVI,0.2,13,1,621.6778247844699,0.0,low_vol,EURUSD,
CINN,0.2,13,1,864.880747383436,0.0,low_vol,EURUSD,13643.0504322052
MLP,0.2,13,1,2120.5218736624797,0.0,low_vol,EURUSD,10711.426734924316
SVI,0.2,13,2,639.2229822446718,0.0,low_vol,EURUSD,
CINN,0.2,13,2,500.5191678895249,0.0,low_vol,EURUSD,9808.002471923828
MLP,0.2,13,2,756.6756490218092,0.0,low_vol,EURUSD,9923.001289367676
SVI,0.4,13,0,565.5187721208122,0.0,low_vol,EURUSD,
CINN,0.4,13,0,783.4355401945677,0.0,low_vol,EURUSD,4740.8318519592285
MLP,0.4,13,0,711.3516512535599,0.0,low_vol,EURUSD,7315.412521362305
SVI,0.4,13,1,589.8876581899212,0.0,low_vol,EURUSD,
CINN,0.4,13,1,959.328250901293,0.0,low_vol,EURUSD,16972.375631332397
MLP,0.4,13,1,1143.6990619297865,970.706087473685,low_vol,EURUSD,11006.869077682495
SVI,0.4,13,2,816.3415431514295,0.0,low_vol,EURUSD,
CINN,0.4,13,2,1487.0693398271762,0.0,low_vol,EURUSD,5722.522497177124
MLP,0.4,13,2,977.911171380199,54.48174387367555,low_vol,EURUSD,5589.501142501831
SVI,0.6,13,0,725.1714982906508,0.0,low_vol,EURUSD,
CINN,0.6,13,0,1660.4666853455933,0.0,low_vol,EURUSD,5696.075677871704
MLP,0.6,13,0,663.8655621556287,0.0,low_vol,EURUSD,5476.315021514893
SVI,0.6,13,1,732.2192973231889,0.0,low_vol,EURUSD,
CINN,0.6,13,1,1274.7069091270162,0.0,low_vol,EURUSD,5846.5576171875
MLP,0.6,13,1,1007.8585067824808,0.14809484472459722,low_vol,EURUSD,6011.306047439575
SVI,0.6,13,2,836.4364396967577,0.0,low_vol,EURUSD,
CINN,0.6,13,2,763.2790583855528,0.0,low_vol,EURUSD,5310.750246047974
MLP,0.6,13,2,1098.818732457446,3.741463778726417,low_vol,EURUSD,5549.991607666016
SVI,0.2,14,0,570.3395883440645,0.0,stress,EURUSD,
CINN,0.2,14,0,1963.6456121201886,0.0,stress,EURUSD,11781.388759613037
MLP,0.2,14,0,2269.722529234211,0.0,stress,EURUSD,10849.650382995605
SVI,0.2,14,1,1379.4286369733584,0.0,stress,EURUSD,
CINN,0.2,14,1,1771.6987883180934,0.0,stress,EURUSD,11232.470273971558
MLP,0.2,14,1,2750.2733803025453,0.0,stress,EURUSD,10337.93020248413
SVI,0.2,14,2,1272.2811553161955,0.0,stress,EURUSD,
CINN,0.2,14,2,2765.9016800755126,0.0,stress,EURUSD,9189.594030380249
MLP,0.2,14,2,1481.3665480398975,0.0,stress,EURUSD,9636.667966842651
SVI,0.4,14,0,1360.5695656224395,0.0,stress,EURUSD,
CINN,0.4,14,0,1713.027623513043,0.0,stress,EURUSD,4836.876153945923
MLP,0.4,14,0,1313.1803952739604,0.0,stress,EURUSD,5000.905990600586
SVI,0.4,14,1,1299.9345258609715,0.0,stress,EURUSD,
CINN,0.4,14,1,1466.9721898848593,0.0,stress,EURUSD,5128.161668777466
MLP,0.4,14,1,2374.7611213065647,0.0,stress,EURUSD,8849.030017852783
SVI,0.4,14,2,892.9933695843037,0.0,stress,EURUSD,
CINN,0.4,14,2,1720.7923371887794,0.0,stress,EURUSD,9061.760187149048
MLP,0.4,14,2,2338.893934824431,0.0,stress,EURUSD,6573.925495147705
SVI,0.6,14,0,1614.8192966212075,0.0,stress,EURUSD,
CINN,0.6,14,0,1862.0437549401329,0.0,stress,EURUSD,5977.24723815918
MLP,0.6,14,0,1736.1174670018038,0.0,stress,EURUSD,5795.630931854248
SVI,0.6,14,1,1301.153721830446,0.0,stress,EURUSD,
CINN,0.6,14,1,2013.623625824541,0.0,stress,EURUSD,5771.072626113892
MLP,0.6,14,1,2176.6324835472706,0.0,stress,EURUSD,6125.78558921814
SVI,0.6,14,2,1566.834195943819,0.0,stress,EURUSD,
CINN,0.6,14,2,1690.3057470492515,0.0,stress,EURUSD,5129.467725753784
MLP,0.6,14,2,1558.3750304117114,0.0,stress,EURUSD,5208.616733551025
SVI,0.2,15,0,551.0776138185519,0.0,normal,EURUSD,
CINN,0.2,15,0,1087.2623752178283,0.0,normal,EURUSD,10033.976316452026
MLP,0.2,15,0,2740.0234828348193,0.0,normal,EURUSD,12608.925819396973
SVI,0.2,15,1,848.4517886383794,0.0,normal,EURUSD,
CINN,0.2,15,1,1254.8976272207246,0.0,normal,EURUSD,12106.353759765625
MLP,0.2,15,1,1236.1698179601199,0.0,normal,EURUSD,13661.585569381714
SVI,0.2,15,2,517.543231861829,0.0,normal,EURUSD,
CINN,0.2,15,2,1102.7336285583622,0.0,normal,EURUSD,12654.130935668945
MLP,0.2,15,2,839.3798342597644,1668.5045344268447,normal,EURUSD,10730.00979423523
SVI,0.4,15,0,1077.0138092386885,0.0,normal,EURUSD,
CINN,0.4,15,0,2135.414154527237,0.0,normal,EURUSD,6885.365009307861
MLP,0.4,15,0,1366.4466408144685,0.0,normal,EURUSD,6124.610424041748
SVI,0.4,15,1,860.5812595104394,0.0,normal,EURUSD,
CINN,0.4,15,1,1154.9138710608775,0.0,normal,EURUSD,9561.517238616943
MLP,0.4,15,1,1631.1291460623554,0.0,normal,EURUSD,9423.51508140564
SVI,0.4,15,2,614.2604841579155,0.0,normal,EURUSD,
CINN,0.4,15,2,1855.6240011297577,0.0,normal,EURUSD,7736.301898956299
MLP,0.4,15,2,917.2050806588979,0.0,normal,EURUSD,9573.633670806885
SVI,0.6,15,0,1030.20894109292,0.0,normal,EURUSD,
CINN,0.6,15,0,1377.6684692471702,0.0,normal,EURUSD,9140.001058578491
MLP,0.6,15,0,1421.5137421729698,0.0,normal,EURUSD,9055.387496948242
SVI,0.6,15,1,758.5785584145144,0.0,normal,EURUSD,
CINN,0.6,15,1,1472.7373807686592,0.0,normal,EURUSD,10945.147514343262
MLP,0.6,15,1,1528.7590041420458,0.0,normal,EURUSD,9577.630043029785
SVI,0.6,15,2,745.5461805231043,0.0,normal,EURUSD,
CINN,0.6,15,2,1787.4054056295538,0.0,normal,EURUSD,7337.677240371704
MLP,0.6,15,2,1982.3146630363458,0.0,normal,EURUSD,12326.42674446106
SVI,0.2,16,0,600.5021219270243,0.0,low_vol,EURUSD,
CINN,0.2,16,0,1067.3275299891557,1.4210854715202004e-10,low_vol,EURUSD,28590.16180038452
MLP,0.2,16,0,751.7026059388487,0.0,low_vol,EURUSD,25655.561208724976
SVI,0.2,16,1,655.9253600913836,0.0,low_vol,EURUSD,
CINN,0.2,16,1,686.3786615756861,0.0,low_vol,EURUSD,13579.294681549072
MLP,0.2,16,1,818.5586736056949,0.0,low_vol,EURUSD,10044.18158531189
SVI,0.2,16,2,492.3883590901446,0.0,low_vol,EURUSD,
CINN,0.2,16,2,645.0849551247023,0.0,low_vol,EURUSD,8721.960306167603
MLP,0.2,16,2,777.4078898194367,0.0,low_vol,EURUSD,8733.96348953247
SVI,0.4,16,0,742.3998359365158,0.0,low_vol,EURUSD,
CINN,0.4,16,0,785.5926326280927,0.0,low_vol,EURUSD,4719.588756561279
MLP,0.4,16,0,736.2367101774812,0.0,low_vol,EURUSD,4469.0046310424805
SVI,0.4,16,1,686.5321454197966,0.0,low_vol,EURUSD,
CINN,0.4,16,1,658.9706669268952,0.0,low_vol,EURUSD,4583.029508590698
MLP,0.4,16,1,716.9414520443635,0.0,low_vol,EURUSD,4450.000286102295
SVI,0.4,16,2,734.1715704882969,0.0,low_vol,EURUSD,
CINN,0.4,16,2,1760.168899739205,0.0,low_vol,EURUSD,4540.067434310913
MLP,0.4,16,2,862.9873756153596,0.0,low_vol,EURUSD,4432.996511459351
SVI,0.6,16,0,716.5731954893757,0.0,low_vol,EURUSD,
CINN,0.6,16,0,863.0770962667756,0.0,low_vol,EURUSD,4373.520374298096
MLP,0.6,16,0,1074.7927420335557,9.641284152678843,low_vol,EURUSD,4306.968688964844
SVI,0.6,16,1,875.7660713314294,0.0,low_vol,EURUSD,
CINN,0.6,16,1,1228.8638939904145,1.4210854715202004e-10,low_vol,EURUSD,4353.093147277832
MLP,0.6,16,1,857.4535138975274,0.0,low_vol,EURUSD,4275.96116065979
SVI,0.6,16,2,781.5295148978862,0.0,low_vol,EURUSD,
CINN,0.6,16,2,1754.9523337193793,0.0,low_vol,EURUSD,4302.002668380737
MLP,0.6,16,2,1425.3078730692432,0.0,low_vol,EURUSD,4307.968378067017
SVI,0.2,17,0,1101.9986894234066,0.0,stress,EURUSD,
CINN,0.2,17,0,2295.2208184661195,0.0,stress,EURUSD,9449.665307998657
MLP,0.2,17,0,2169.1205854736127,0.0,stress,EURUSD,10091.796159744263
SVI,0.2,17,1,385.7875514011736,0.0,stress,EURUSD,
CINN,0.2,17,1,1280.6429008618431,0.0,stress,EURUSD,8791.517972946167
MLP,0.2,17,1,979.0750433797523,0.0,stress,EURUSD,8806.508779525757
SVI,0.2,17,2,787.3929087433136,0.0,stress,EURUSD,
CINN,0.2,17,2,1323.519994374793,0.0,stress,EURUSD,8645.48373222351
MLP,0.2,17,2,1073.2415848637331,0.0,stress,EURUSD,8674.482107162476
SVI,0.4,17,0,813.2584161300242,0.0,stress,EURUSD,
CINN,0.4,17,0,1960.611606318717,0.0,stress,EURUSD,4446.530342102051
MLP,0.4,17,0,1587.5480672530425,0.0,stress,EURUSD,4456.001758575439
SVI,0.4,17,1,633.5532822938952,0.0,stress,EURUSD,
CINN,0.4,17,1,1660.633953441878,0.0,stress,EURUSD,4453.527212142944
MLP,0.4,17,1,1757.2246973228675,0.0,stress,EURUSD,4397.988557815552
SVI,0.4,17,2,842.4454810864078,0.0,stress,EURUSD,
CINN,0.4,17,2,1697.4868495485166,0.0,stress,EURUSD,4340.975522994995
MLP,0.4,17,2,2362.8470383577505,0.0,stress,EURUSD,4505.012035369873
SVI,0.6,17,0,1440.69410563774,0.0,stress,EURUSD,
CINN,0.6,17,0,1929.417299362822,0.0,stress,EURUSD,4361.502408981323
MLP,0.6,17,0,973.3883725230688,0.0,stress,EURUSD,4292.9651737213135
SVI,0.6,17,1,1250.5933562243952,0.0,stress,EURUSD,
CINN,0.6,17,1,1684.9611576722061,0.0,stress,EURUSD,4339.507818222046
MLP,0.6,17,1,1841.1677204714463,0.0,stress,EURUSD,5069.13948059082
SVI,0.6,17,2,690.1780007575541,0.0,stress,EURUSD,
CINN,0.6,17,2,1677.6563621445687,0.0,stress,EURUSD,4323.497295379639
MLP,0.6,17,2,2034.8958090760284,0.0,stress,EURUSD,4266.958951950073
SVI,0.2,18,0,599.62387283976,0.0,normal,EURUSD,
CINN,0.2,18,0,1508.7286236088198,0.0,normal,EURUSD,8597.453832626343
MLP,0.2,18,0,994.0354962257355,3631.3634487096633,normal,EURUSD,8666.476964950562
SVI,0.2,18,1,578.072371132417,0.0,normal,EURUSD,
CINN,0.2,18,1,987.5442594828965,0.0,normal,EURUSD,8562.448263168335
MLP,0.2,18,1,1172.549908734201,0.0,normal,EURUSD,8587.455987930298
SVI,0.2,18,2,546.533733587146,0.0,normal,EURUSD,
CINN,0.2,18,2,672.891199424228,0.0,normal,EURUSD,9160.584449768066
MLP,0.2,18,2,1019.3645583327677,0.0,normal,EURUSD,8862.521648406982
SVI,0.4,18,0,579.5301674638,0.0,normal,EURUSD,
CINN,0.4,18,0,1947.341067522255,0.0,normal,EURUSD,6449.991703033447
MLP,0.4,18,0,1539.7065045989448,0.0,normal,EURUSD,4398.988962173462
SVI,0.4,18,1,827.8024632797384,0.0,normal,EURUSD,
CINN,0.4,18,1,1321.639664684022,0.0,normal,EURUSD,4430.51815032959
MLP,0.4,18,1,1703.247833444621,0.0,normal,EURUSD,4406.990528106689
SVI,0.4,18,2,653.8717762414575,0.0,normal,EURUSD,
CINN,0.4,18,2,1859.431941899683,0.0,normal,EURUSD,4443.528175354004
MLP,0.4,18,2,1480.3276013258517,0.0,normal,EURUSD,4449.000358581543
SVI,0.6,18,0,733.8973085290031,0.0,normal,EURUSD,
CINN,0.6,18,0,941.9732593077508,0.0,normal,EURUSD,4257.486581802368
MLP,0.6,18,0,1286.3348113067839,0.0,normal,EURUSD,4350.978136062622
SVI,0.6,18,1,1008.0680416986122,0.0,normal,EURUSD,
CINN,0.6,18,1,1223.0382196816363,0.0,normal,EURUSD,4301.499366760254
MLP,0.6,18,1,1831.75674808043,0.0,normal,EURUSD,4324.972629547119
SVI,0.6,18,2,904.6727698687307,0.0,normal,EURUSD,
CINN,0.6,18,2,934.7374724847899,0.0,normal,EURUSD,4274.48582649231
MLP,0.6,18,2,1156.5709636767726,0.0,normal,EURUSD,4375.984191894531
SVI,0.2,19,0,810.9375344161939,0.0,low_vol,EURUSD,
CINN,0.2,19,0,981.4590142640484,0.0,low_vol,EURUSD,8698.483228683472
MLP,0.2,19,0,737.485607039435,0.0,low_vol,EURUSD,8641.467809677124
SVI,0.2,19,1,935.0869028485924,0.0,low_vol,EURUSD,
CINN,0.2,19,1,590.4804739243938,0.0,low_vol,EURUSD,8555.458068847656
MLP,0.2,19,1,768.139568653708,0.0,low_vol,EURUSD,8639.470100402832
SVI,0.2,19,2,823.1252439067583,0.0,low_vol,EURUSD,
CINN,0.2,19,2,651.128069897782,0.0,low_vol,EURUSD,8552.448987960815
MLP,0.2,19,2,1736.5429329326423,640.970919215178,low_vol,EURUSD,8601.933717727661
SVI,0.4,19,0,777.5585757837833,0.0,low_vol,EURUSD,
CINN,0.4,19,0,1132.968724760216,0.0,low_vol,EURUSD,4387.985706329346
MLP,0.4,19,0,744.8575934068816,0.0,low_vol,EURUSD,4354.9792766571045
SVI,0.4,19,1,795.6948452135571,0.0,low_vol,EURUSD,
CINN,0.4,19,1,1309.508545835568,0.0,low_vol,EURUSD,4586.0302448272705
MLP,0.4,19,1,643.7614515465563,0.0,low_vol,EURUSD,4355.979204177856
SVI,0.4,19,2,787.0061571302911,0.0,low_vol,EURUSD,
CINN,0.4,19,2,1106.1114924282715,1.4210854715202004e-10,low_vol,EURUSD,4396.9879150390625
MLP,0.4,19,2,932.8900312066197,0.0,low_vol,EURUSD,4362.98131942749
SVI,0.6,19,0,839.2882939591134,0.0,low_vol,EURUSD,
CINN,0.6,19,0,1659.8256347220115,0.0,low_vol,EURUSD,4285.96305847168
MLP,0.6,19,0,668.1154284724128,0.0,low_vol,EURUSD,4260.957717895508
SVI,0.6,19,1,879.4859472470401,0.0,low_vol,EURUSD,
CINN,0.6,19,1,810.8709246373223,0.0,low_vol,EURUSD,4276.961326599121
MLP,0.6,19,1,935.7330847259894,0.0,low_vol,EURUSD,4355.978965759277
SVI,0.6,19,2,801.8386223622913,0.0,low_vol,EURUSD,
CINN,0.6,19,2,874.3906265782633,0.0,low_vol,EURUSD,4195.943117141724
MLP,0.6,19,2,1153.6074932911908,257.73900497410017,low_vol,EURUSD,4235.952138900757
SVI,0.2,20,0,536.7480681809535,0.0,stress,EURUSD,
CINN,0.2,20,0,1416.3934209092095,0.0,stress,EURUSD,8722.487688064575
MLP,0.2,20,0,1076.125033273368,0.0,stress,EURUSD,8602.45966911316
SVI,0.2,20,1,932.4538596130833,0.0,stress,EURUSD,
CINN,0.2,20,1,1948.271875449509,0.0,stress,EURUSD,8438.426971435547
MLP,0.2,20,1,1611.0774300228086,0.0,stress,EURUSD,8780.505180358887
SVI,0.2,20,2,677.4163268058386,0.0,stress,EURUSD,
CINN,0.2,20,2,1902.5215358670882,0.0,stress,EURUSD,8623.46339225769
MLP,0.2,20,2,1099.598520003579,0.0,stress,EURUSD,8649.46961402893
SVI,0.4,20,0,671.2812294771677,0.0,stress,EURUSD,
CINN,0.4,20,0,2520.8408931384083,0.0,stress,EURUSD,8867.518901824951
MLP,0.4,20,0,1858.4200340968234,0.0,stress,EURUSD,8352.399349212646
SVI,0.4,20,1,1237.8441610090604,0.0,stress,EURUSD,
CINN,0.4,20,1,1589.366952254499,0.0,stress,EURUSD,4342.975854873657
MLP,0.4,20,1,1848.3610851102771,0.0,stress,EURUSD,4434.522867202759
SVI,0.4,20,2,1159.2172081309548,0.0,stress,EURUSD,
CINN,0.4,20,2,1422.2882375777865,0.0,stress,EURUSD,4332.973957061768
MLP,0.4,20,2,1057.7561121668884,0.0,stress,EURUSD,4383.509874343872
SVI,0.6,20,0,777.7083092984963,0.0,stress,EURUSD,
CINN,0.6,20,0,1664.317212393964,0.0,stress,EURUSD,4314.969778060913
MLP,0.6,20,0,2054.4922592412454,0.0,stress,EURUSD,4496.5386390686035
SVI,0.6,20,1,1351.0179612120041,0.0,stress,EURUSD,
CINN,0.6,20,1,1518.2973109211955,0.0,stress,EURUSD,4249.955415725708
MLP,0.6,20,1,2035.426578949738,0.0,stress,EURUSD,4331.498146057129
SVI,0.6,20,2,1480.4694306680826,0.0,stress,EURUSD,
CINN,0.6,20,2,1468.3617279747164,0.0,stress,EURUSD,4260.9570026397705
MLP,0.6,20,2,2109.0103901242505,0.0,stress,EURUSD,4345.502138137817
SVI,0.2,21,0,646.789970880097,0.0,normal,EURUSD,
CINN,0.2,21,0,982.0762147441836,0.0,normal,EURUSD,8603.459596633911
MLP,0.2,21,0,1227.5914314985257,0.0,normal,EURUSD,8639.4681930542
SVI,0.2,21,1,656.2755659489563,0.0,normal,EURUSD,
CINN,0.2,21,1,1182.8132904473657,0.0,normal,EURUSD,8529.917001724243
MLP,0.2,21,1,1116.4402851331376,0.0,normal,EURUSD,8622.522592544556
SVI,0.2,21,2,687.3767380486372,0.0,normal,EURUSD,
CINN,0.2,21,2,995.4905140244499,0.0,normal,EURUSD,8633.463859558105
MLP,0.2,21,2,1471.4208339277716,0.0,normal,EURUSD,8689.47958946228
SVI,0.4,21,0,713.5637099858088,0.0,normal,EURUSD,
CINN,0.4,21,0,997.2817159355732,0.0,normal,EURUSD,4452.5251388549805
MLP,0.4,21,0,1382.0866629497593,0.0,normal,EURUSD,4424.994468688965
SVI,0.4,21,1,649.7121822277501,0.0,normal,EURUSD,
CINN,0.4,21,1,1646.6563428264599,0.0,normal,EURUSD,4418.524980545044
MLP,0.4,21,1,803.011055119691,0.0,normal,EURUSD,4386.985540390015
SVI,0.4,21,2,544.3513470633138,0.0,normal,EURUSD,
CINN,0.4,21,2,1454.716803522848,0.0,normal,EURUSD,4431.521415710449
MLP,0.4,21,2,1426.9724407455212,0.0,normal,EURUSD,4390.987396240234
SVI,0.6,21,0,975.617253849201,0.0,normal,EURUSD,
CINN,0.6,21,0,1062.8836497380435,0.0,normal,EURUSD,4317.496776580811
MLP,0.6,21,0,1131.6923165332023,0.0,normal,EURUSD,4269.959926605225
SVI,0.6,21,1,802.6567820115539,0.0,normal,EURUSD,
CINN,0.6,21,1,1119.7167928439026,0.0,normal,EURUSD,4331.973552703857
MLP,0.6,21,1,2114.9453034699227,0.0,normal,EURUSD,4240.95344543457
SVI,0.6,21,2,488.0301574233048,0.0,normal,EURUSD,
CINN,0.6,21,2,1395.1031292456937,0.0,normal,EURUSD,4331.513404846191
MLP,0.6,21,2,1410.5329016177575,0.0,normal,EURUSD,4254.9567222595215
SVI,0.2,22,0,802.5951446394955,0.0,low_vol,EURUSD,
CINN,0.2,22,0,1050.9603084271102,1.865174681370263e-10,low_vol,EURUSD,8629.464864730835
MLP,0.2,22,0,568.0668828071342,0.0,low_vol,EURUSD,8687.482357025146
SVI,0.2,22,1,706.8012839498905,0.0,low_vol,EURUSD,
CINN,0.2,22,1,542.3515668954894,0.0,low_vol,EURUSD,8425.41790008545
MLP,0.2,22,1,680.3912355513297,0.0,low_vol,EURUSD,8553.465127944946
SVI,0.2,22,2,926.5682196507231,0.0,low_vol,EURUSD,
CINN,0.2,22,2,543.7236733707925,0.0,low_vol,EURUSD,8643.468618392944
MLP,0.2,22,2,848.4839569116883,0.0,low_vol,EURUSD,8730.490684509277
SVI,0.4,22,0,752.4164935688292,0.0,low_vol,EURUSD,
CINN,0.4,22,0,1073.0848172354306,1.5987211554602254e-10,low_vol,EURUSD,4668.048858642578
MLP,0.4,22,0,1883.5882683607035,494.8851646911123,low_vol,EURUSD,4489.552974700928
SVI,0.4,22,1,766.4349585359932,0.0,low_vol,EURUSD,
CINN,0.4,22,1,935.1038184620808,0.0,low_vol,EURUSD,4314.970016479492
MLP,0.4,22,1,796.7475680405809,0.0,low_vol,EURUSD,4409.524440765381
SVI,0.4,22,2,945.5186177161927,0.0,low_vol,EURUSD,
CINN,0.4,22,2,978.3951365127132,0.0,low_vol,EURUSD,4399.988651275635
MLP,0.4,22,2,1276.0282774928332,0.0,low_vol,EURUSD,4422.517776489258
SVI,0.6,22,0,779.2903260167532,0.0,low_vol,EURUSD,
CINN,0.6,22,0,822.5798812336183,0.0,low_vol,EURUSD,4206.94637298584
MLP,0.6,22,0,1080.6131043751052,0.017176956562297077,low_vol,EURUSD,4305.494070053101
SVI,0.6,22,1,825.0509917170989,0.0,low_vol,EURUSD,
CINN,0.6,22,1,850.228578658073,0.0,low_vol,EURUSD,4257.956981658936
MLP,0.6,22,1,2064.805692748815,0.0,low_vol,EURUSD,4276.488780975342
SVI,0.6,22,2,826.9213428706418,0.0,low_vol,EURUSD,
CINN,0.6,22,2,1179.4042598202996,1.4210854715202004e-10,low_vol,EURUSD,4287.964344024658
MLP,0.6,22,2,1058.7531453609668,0.16880746448358655,low_vol,EURUSD,4329.972743988037
SVI,0.2,23,0,861.4818946680452,0.0,stress,EURUSD,
CINN,0.2,23,0,1431.7264289787947,0.0,stress,EURUSD,8662.478923797607
MLP,0.2,23,0,1871.924308878156,0.0,stress,EURUSD,8653.472661972046
SVI,0.2,23,1,752.7306391693207,0.0,stress,EURUSD,
CINN,0.2,23,1,1564.9076782016505,0.0,stress,EURUSD,8920.531749725342
MLP,0.2,23,1,1698.14134060827,0.0,stress,EURUSD,8704.485893249512
SVI,0.2,23,2,667.283100894562,0.0,stress,EURUSD,
CINN,0.2,23,2,1697.3149945423625,0.0,stress,EURUSD,8607.93399810791
MLP,0.2,23,2,2057.7033451436537,0.0,stress,EURUSD,8607.462644577026
SVI,0.4,23,0,876.7160332779584,0.0,stress,EURUSD,
CINN,0.4,23,0,1896.7011451879853,0.0,stress,EURUSD,4444.523096084595
MLP,0.4,23,0,1764.5532993861787,0.0,stress,EURUSD,4442.99840927124
SVI,0.4,23,1,878.6869302434171,0.0,stress,EURUSD,
CINN,0.4,23,1,1288.9954777419157,0.0,stress,EURUSD,4463.525056838989
MLP,0.4,23,1,1269.3748519985807,0.0,stress,EURUSD,4416.993141174316
SVI,0.4,23,2,1299.2141074444469,0.0,stress,EURUSD,
CINN,0.4,23,2,1548.4933935967865,0.0,stress,EURUSD,4433.521747589111
MLP,0.4,23,2,1733.3713809524804,0.0,stress,EURUSD,4408.9906215667725
SVI,0.6,23,0,1287.33104407027,0.0,stress,EURUSD,
CINN,0.6,23,0,1679.619277968738,0.0,stress,EURUSD,4256.956100463867
MLP,0.6,23,0,1799.6800913573336,0.0,stress,EURUSD,4308.968782424927
SVI,0.6,23,1,881.8897905203107,0.0,stress,EURUSD,
CINN,0.6,23,1,1898.8631140600905,0.0,stress,EURUSD,4231.949806213379
MLP,0.6,23,1,1392.5395273251947,0.0,stress,EURUSD,4292.964935302734
SVI,0.6,23,2,1578.1291733743305,0.0,stress,EURUSD,
CINN,0.6,23,2,1839.071142867358,0.0,stress,EURUSD,4237.951993942261
MLP,0.6,23,2,1434.6053276429018,0.0,stress,EURUSD,4456.002473831177
SVI,0.2,24,0,606.7884712697833,0.0,normal,EURUSD,
CINN,0.2,24,0,1336.2788076466995,0.0,normal,EURUSD,8688.953638076782
MLP,0.2,24,0,1045.528255506137,0.0,normal,EURUSD,8669.473648071289
SVI,0.2,24,1,611.9567696129387,0.0,normal,EURUSD,
CINN,0.2,24,1,908.3857760932125,0.0,normal,EURUSD,8610.459566116333
MLP,0.2,24,1,928.9609119363026,0.0,normal,EURUSD,8808.980941772461
SVI,0.2,24,2,812.5105674300901,0.0,normal,EURUSD,
CINN,0.2,24,2,985.8199652614354,0.0,normal,EURUSD,9692.710399627686
MLP,0.2,24,2,1431.3720097732883,0.0,normal,EURUSD,9869.750022888184
SVI,0.4,24,0,639.3244788710499,0.0,normal,EURUSD,
CINN,0.4,24,0,1744.0982812243105,0.0,normal,EURUSD,4428.519010543823
MLP,0.4,24,0,1633.5561123526152,0.0,normal,EURUSD,4398.988723754883
SVI,0.4,24,1,647.4632198350758,0.0,normal,EURUSD,
CINN,0.4,24,1,1024.658144997157,0.0,normal,EURUSD,5253.706455230713
MLP,0.4,24,1,1671.201154565463,0.0,normal,EURUSD,4416.992425918579
SVI,0.4,24,2,579.9908514514273,0.0,normal,EURUSD,
CINN,0.4,24,2,1104.0509859853619,0.0,normal,EURUSD,8405.43508529663
MLP,0.4,24,2,1555.8403833212872,0.0,normal,EURUSD,8463.427305221558
SVI,0.6,24,0,757.1950074011532,0.0,normal,EURUSD,
CINN,0.6,24,0,1403.9586065470305,0.0,normal,EURUSD,4323.494672775269
MLP,0.6,24,0,1694.4991052442022,0.0,normal,EURUSD,4284.963607788086
SVI,0.6,24,1,879.8491872079363,0.0,normal,EURUSD,
CINN,0.6,24,1,1041.4284682247342,0.0,normal,EURUSD,4482.535362243652
MLP,0.6,24,1,1562.3018048335668,0.0,normal,EURUSD,4290.964603424072
SVI,0.6,24,2,769.3495311988795,0.0,normal,EURUSD,
CINN,0.6,24,2,1275.5288061455303,0.0,normal,EURUSD,4315.49334526062
MLP,0.6,24,2,2165.731766713473,0.0,normal,EURUSD,4292.964458465576
SVI,0.2,25,0,548.0559540817762,0.0,low_vol,EURUSD,
CINN,0.2,25,0,1037.6461871974516,0.0,low_vol,EURUSD,8696.488618850708
MLP,0.2,25,0,771.0098524464279,0.0,low_vol,EURUSD,8627.490997314453
SVI,0.2,25,1,627.239117366489,0.0,low_vol,EURUSD,
CINN,0.2,25,1,616.3044818307013,0.0,low_vol,EURUSD,8517.443180084229
MLP,0.2,25,1,652.9131313684371,0.0,low_vol,EURUSD,8552.448034286499
SVI,0.2,25,2,724.952204813515,0.0,low_vol,EURUSD,
CINN,0.2,25,2,1094.7823872889805,1.4210854715202004e-10,low_vol,EURUSD,8586.46559715271
MLP,0.2,25,2,1035.7208860338112,0.0,low_vol,EURUSD,8627.47073173523
SVI,0.4,25,0,554.7212001284137,0.0,low_vol,EURUSD,
CINN,0.4,25,0,700.620300603687,0.0,low_vol,EURUSD,4483.007431030273
MLP,0.4,25,0,1815.5491774684074,0.0,low_vol,EURUSD,4382.513999938965
SVI,0.4,25,1,602.7906041795685,0.0,low_vol,EURUSD,
CINN,0.4,25,1,646.7861509825683,0.0,low_vol,EURUSD,4325.972318649292
MLP,0.4,25,1,1004.9704268842726,3.0875411188581445,low_vol,EURUSD,4360.506534576416
SVI,0.4,25,2,679.4778255429894,0.0,low_vol,EURUSD,
CINN,0.4,25,2,1229.7051788383712,1.4210854715202004e-10,low_vol,EURUSD,4361.979961395264
MLP,0.4,25,2,1021.1388834000913,9.614114293208242,low_vol,EURUSD,4419.527053833008
SVI,0.6,25,0,863.3251059942593,0.0,low_vol,EURUSD,
CINN,0.6,25,0,1157.8124942259735,1.4210854715202004e-10,low_vol,EURUSD,4269.960165023804
MLP,0.6,25,0,1015.2468278004745,0.06683707311107961,low_vol,EURUSD,4222.488641738892
SVI,0.6,25,1,621.5470568675723,0.0,low_vol,EURUSD,
CINN,0.6,25,1,1199.4152618418677,1.4210854715202004e-10,low_vol,EURUSD,4775.073289871216
MLP,0.6,25,1,1096.8888268420214,209.78103520139513,low_vol,EURUSD,4362.512826919556
SVI,0.6,25,2,724.6010655528659,0.0,low_vol,EURUSD,
CINN,0.6,25,2,1161.1880760465763,1.4210854715202004e-10,low_vol,EURUSD,4243.953227996826
MLP,0.6,25,2,998.7114646993745,1.8009590108023985,low_vol,EURUSD,4310.969114303589
SVI,0.2,26,0,1023.8195227280937,0.0,stress,EURUSD,
CINN,0.2,26,0,1893.007521316426,0.0,stress,EURUSD,8418.413877487183
MLP,0.2,26,0,2306.3540073804716,0.0,stress,EURUSD,10185.819864273071
SVI,0.2,26,1,609.2677417436811,0.0,stress,EURUSD,
CINN,0.2,26,1,2086.4444962992116,0.0,stress,EURUSD,8651.475667953491
MLP,0.2,26,1,1343.0507578470022,0.0,stress,EURUSD,8656.946182250977
SVI,0.2,26,2,796.9292768880542,0.0,stress,EURUSD,
CINN,0.2,26,2,1199.8949515771958,0.0,stress,EURUSD,8511.913061141968
MLP,0.2,26,2,1388.5205206322105,0.0,stress,EURUSD,8524.441003799438
SVI,0.4,26,0,911.9566773823477,0.0,stress,EURUSD,
CINN,0.4,26,0,1925.5773911666836,0.0,stress,EURUSD,4330.504894256592
MLP,0.4,26,0,2010.794293668999,0.0,stress,EURUSD,4356.980323791504
SVI,0.4,26,1,1134.9329749611184,0.0,stress,EURUSD,
CINN,0.4,26,1,1448.380800259375,0.0,stress,EURUSD,4384.521961212158
MLP,0.4,26,1,1558.3874859721013,0.0,stress,EURUSD,4360.980272293091
SVI,0.4,26,2,1515.328592424624,0.0,stress,EURUSD,
CINN,0.4,26,2,1320.2917503993604,0.0,stress,EURUSD,4371.513366699219
MLP,0.4,26,2,885.3010777393948,0.0,stress,EURUSD,4373.983144760132
SVI,0.6,26,0,1571.7629026917416,0.0,stress,EURUSD,
CINN,0.6,26,0,1508.0178931541184,0.0,stress,EURUSD,4201.473951339722
MLP,0.6,26,0,1834.3659489105178,0.0,stress,EURUSD,4168.936967849731
SVI,0.6,26,1,1352.588325043825,0.0,stress,EURUSD,
CINN,0.6,26,1,1471.6289340134995,0.0,stress,EURUSD,4235.473394393921
MLP,0.6,26,1,1521.7792527481179,0.0,stress,EURUSD,4226.949453353882
SVI,0.6,26,2,1538.6898531017234,0.0,stress,EURUSD,
CINN,0.6,26,2,1396.5436787599187,0.0,stress,EURUSD,4320.493221282959
MLP,0.6,26,2,1427.210702723805,0.0,stress,EURUSD,4240.95344543457
SVI,0.2,27,0,348.4369728516701,0.0,normal,EURUSD,
CINN,0.2,27,0,1566.199411977014,0.0,normal,EURUSD,8585.4651927948
MLP,0.2,27,0,943.6301824116514,0.0,normal,EURUSD,8599.462509155273
SVI,0.2,27,1,663.0454991997352,0.0,normal,EURUSD,
CINN,0.2,27,1,1257.1583740906017,0.0,normal,EURUSD,8809.509754180908
MLP,0.2,27,1,1125.854676824368,0.0,normal,EURUSD,8570.467710494995
SVI,0.2,27,2,580.4019599281376,0.0,normal,EURUSD,
CINN,0.2,27,2,1148.7679471583342,0.0,normal,EURUSD,8775.503396987915
MLP,0.2,27,2,1078.863024736707,0.0,normal,EURUSD,8602.47778892517
SVI,0.4,27,0,516.1250110574092,0.0,normal,EURUSD,
CINN,0.4,27,0,1143.466679508851,0.0,normal,EURUSD,4369.982004165649
MLP,0.4,27,0,1839.260710771955,0.0,normal,EURUSD,4486.534357070923
SVI,0.4,27,1,793.7540177619737,0.0,normal,EURUSD,
CINN,0.4,27,1,1339.6338702200433,0.0,normal,EURUSD,4324.971675872803
MLP,0.4,27,1,1660.3835008640124,0.0,normal,EURUSD,4442.52347946167
SVI,0.4,27,2,624.9675219343428,0.0,normal,EURUSD,
CINN,0.4,27,2,867.0522896735852,0.0,normal,EURUSD,4403.989315032959
MLP,0.4,27,2,931.5146184302162,0.0,normal,EURUSD,4460.002422332764
SVI,0.6,27,0,502.57391698309715,0.0,normal,EURUSD,
CINN,0.6,27,0,1079.1392750110952,0.0,normal,EURUSD,4226.950168609619
MLP,0.6,27,0,1406.6033662372229,0.0,normal,EURUSD,4364.511966705322
SVI,0.6,27,1,865.3720334590033,0.0,normal,EURUSD,
CINN,0.6,27,1,1259.758242787855,0.0,normal,EURUSD,4242.953062057495
MLP,0.6,27,1,1269.060244186979,0.0,normal,EURUSD,4271.960258483887
SVI,0.6,27,2,834.3020207919899,0.0,normal,EURUSD,
CINN,0.6,27,2,921.4043796936346,0.0,normal,EURUSD,4269.959211349487
MLP,0.6,27,2,1070.0731741958748,0.0,normal,EURUSD,4346.50993347168
SVI,0.2,28,0,779.5587082842716,0.0,low_vol,EURUSD,
CINN,0.2,28,0,627.3623902470292,0.0,low_vol,EURUSD,8634.471416473389
MLP,0.2,28,0,1122.5718506897406,0.0,low_vol,EURUSD,8773.501873016357
SVI,0.2,28,1,511.42214664484356,0.0,low_vol,EURUSD,
CINN,0.2,28,1,575.634445279825,0.0,low_vol,EURUSD,8562.459468841553
MLP,0.2,28,1,681.2926822826015,0.0,low_vol,EURUSD,8527.91690826416
SVI,0.2,28,2,537.4919451359731,0.0,low_vol,EURUSD,
CINN,0.2,28,2,827.9435438670314,0.0,low_vol,EURUSD,8485.907554626465
MLP,0.2,28,2,1143.0864602133647,2.2697623924555765,low_vol,EURUSD,8659.471035003662
SVI,0.4,28,0,725.6181108316209,0.0,low_vol,EURUSD,
CINN,0.4,28,0,1417.2649599266026,0.0,low_vol,EURUSD,8170.366048812866
MLP,0.4,28,0,887.52133323579,0.0,low_vol,EURUSD,8252.379894256592
SVI,0.4,28,1,720.3369048970808,0.0,low_vol,EURUSD,
CINN,0.4,28,1,1330.641142425105,1.4210854715202004e-10,low_vol,EURUSD,4434.530258178711
MLP,0.4,28,1,673.8202467338747,0.0,low_vol,EURUSD,4368.982791900635
SVI,0.4,28,2,751.5330461362286,0.0,low_vol,EURUSD,
CINN,0.4,28,2,1212.2518263834393,1.4210854715202004e-10,low_vol,EURUSD,4406.5234661102295
MLP,0.4,28,2,1710.8311381858862,0.0,low_vol,EURUSD,4385.986089706421
SVI,0.6,28,0,790.7773168273236,0.0,low_vol,EURUSD,
CINN,0.6,28,0,693.3312082574331,0.0,low_vol,EURUSD,4405.516862869263
MLP,0.6,28,0,978.4855129947783,0.0,low_vol,EURUSD,4296.965599060059
SVI,0.6,28,1,717.1094016604977,0.0,low_vol,EURUSD,
CINN,0.6,28,1,1225.6980482256038,1.4210854715202004e-10,low_vol,EURUSD,4340.50989151001
MLP,0.6,28,1,1115.4779802854637,6.373694242616801,low_vol,EURUSD,4277.961730957031
SVI,0.6,28,2,782.6527017840156,0.0,low_vol,EURUSD,
CINN,0.6,28,2,890.9114544732813,0.0,low_vol,EURUSD,4312.507152557373
MLP,0.6,28,2,1714.7651815216598,0.0,low_vol,EURUSD,4269.959211349487
SVI,0.2,29,0,461.4385769673605,0.0,stress,EURUSD,
CINN,0.2,29,0,1116.9396279280809,0.0,stress,EURUSD,8584.929943084717
MLP,0.2,29,0,1783.030072630876,0.0,stress,EURUSD,8663.474798202515
SVI,0.2,29,1,833.0452779308056,0.0,stress,EURUSD,
CINN,0.2,29,1,1561.9382749551462,0.0,stress,EURUSD,8600.462913513184
MLP,0.2,29,1,1111.153377367892,0.0,stress,EURUSD,8645.469188690186
SVI,0.2,29,2,1220.2076013349706,0.0,stress,EURUSD,
CINN,0.2,29,2,2183.5301120378963,0.0,stress,EURUSD,8529.451131820679
MLP,0.2,29,2,1799.1170362924886,0.0,stress,EURUSD,8374.882698059082
SVI,0.4,29,0,1191.4862230687204,0.0,stress,EURUSD,
CINN,0.4,29,0,1307.5882093533846,0.0,stress,EURUSD,4377.9847621917725
MLP,0.4,29,0,1093.282191233357,0.0,stress,EURUSD,4455.001354217529
SVI,0.4,29,1,1032.206700927781,0.0,stress,EURUSD,
CINN,0.4,29,1,2171.432068701048,0.0,stress,EURUSD,4369.98176574707
MLP,0.4,29,1,1439.2364598754132,0.0,stress,EURUSD,4408.991098403931
SVI,0.4,29,2,1198.3730606439485,0.0,stress,EURUSD,
CINN,0.4,29,2,1625.3493405681927,0.0,stress,EURUSD,4322.97158241272
MLP,0.4,29,2,1687.5568362813801,0.0,stress,EURUSD,4375.983953475952
SVI,0.6,29,0,892.1002737568289,0.0,stress,EURUSD,
CINN,0.6,29,0,1787.9499548100466,0.0,stress,EURUSD,4289.964199066162
MLP,0.6,29,0,1850.5640712245183,0.0,stress,EURUSD,4342.975616455078
SVI,0.6,29,1,1459.9164480005109,0.0,stress,EURUSD,
CINN,0.6,29,1,2062.603590296557,0.0,stress,EURUSD,4233.9513301849365
MLP,0.6,29,1,2851.796194643021,0.0,stress,EURUSD,4308.495759963989
SVI,0.6,29,2,1185.3995372278296,0.0,stress,EURUSD,
CINN,0.6,29,2,2227.9960701019663,0.0,stress,EURUSD,4242.952823638916
MLP,0.6,29,2,1912.353044272151,0.0,stress,EURUSD,4287.4956130981445
