model,dropout,rmse_bps,epp_bps,time_ms
AH,0.2,396.30307106203804,0.0,37.05000877380371
AH (PL),0.2,9903.689646770583,0.0,3551.058530807495
AH,0.2,2557.6529342886106,0.0,41.42189025878906
AH (PL),0.2,12618.72208706498,0.0,4022.9809284210205
AH,0.4,1099.8304481619264,0.0,29.509544372558594
AH (PL),0.4,11707.832389388415,0.0,2750.2739429473877
AH,0.4,2546.9285169970003,0.0,31.0060977935791
AH (PL),0.4,13038.582246339787,0.0,2821.8600749969482
AH,0.6,674.1140025396234,0.0,20.999431610107422
AH (PL),0.6,9791.53019161905,0.0,1986.2251281738281
AH,0.6,2811.4076317987833,0.0,20.51234245300293
AH (PL),0.6,10245.985679006562,0.0,1859.792709350586
AH,0.2,747.7938488582739,0.0,37.70041465759277
AH (PL),0.2,14467.55310149595,0.0,3473.9232063293457
AH,0.2,2960.3811431788645,0.0,41.22781753540039
AH (PL),0.2,9721.661441052987,0.0,3751.4336109161377
AH,0.4,730.6225965685928,0.0,30.009746551513672
AH (PL),0.4,14236.569511511721,0.0,2798.8646030426025
AH,0.4,2084.3916140944257,0.0,29.51836585998535
AH (PL),0.4,10600.687554770459,0.0,2764.298439025879
AH,0.6,1038.6344387900022,0.0,20.00737190246582
AH (PL),0.6,10240.33324395676,0.0,1884.622573852539
AH,0.6,730.3153749080086,0.0,18.51654052734375
AH (PL),0.6,8960.359895070207,0.0,1683.518409729004
AH,0.2,663.7000226897184,0.0,36.6969108581543
AH (PL),0.2,13032.325236032942,0.0,3396.592140197754
AH,0.2,1417.5416752213935,0.0,36.52048110961914
AH (PL),0.2,16722.582389690873,0.0,3530.1122665405273
AH,0.4,820.8557251028565,0.0,25.516986846923828
AH (PL),0.4,12547.319653051745,0.0,2389.5702362060547
AH,0.4,912.7883733308342,0.0,28.005599975585938
AH (PL),0.4,15515.023100963965,0.0,2604.2168140411377
AH,0.6,1233.7569774676626,0.0,27.509212493896484
AH (PL),0.6,14210.933102108987,0.0,1925.250768661499
AH,0.6,1194.493351767301,0.0,21.00658416748047
AH (PL),0.6,13950.384213935129,0.0,1922.7821826934814
AH,0.2,722.0419330419994,0.0,35.52079200744629
AH (PL),0.2,14071.373951337438,0.0,3454.3991088867188
AH,0.2,908.4447318032542,0.0,34.00778770446777
AH (PL),0.2,11819.054878904148,0.0,3135.3650093078613
AH,0.4,1063.401862885641,0.0,27.713775634765625
AH (PL),0.4,13875.056658318894,0.0,2506.1657428741455
AH,0.4,894.4688892005139,0.0,24.51181411743164
AH (PL),0.4,10421.097002856926,0.0,2285.92848777771
AH,0.6,869.0921272973789,0.0,18.010854721069336
AH (PL),0.6,14428.191505142846,0.0,1629.3859481811523
AH,0.6,791.7023138540493,0.0,18.007516860961914
AH (PL),0.6,7651.069203958128,0.0,1660.2957248687744
AH,0.2,864.2952501908467,0.0,37.52589225769043
AH (PL),0.2,17450.514842081615,0.0,3677.452325820923
AH,0.2,1877.7478577893992,0.0,37.86611557006836
AH (PL),0.2,13274.541945527208,0.0,3594.7227478027344
AH,0.4,832.6291326306869,0.0,30.018091201782227
AH (PL),0.4,16505.219604544985,0.0,2725.1217365264893
AH,0.4,1420.2402770329081,0.0,31.008243560791016
AH (PL),0.4,11237.096767279032,0.0,2816.8785572052
AH,0.6,915.6244258618333,0.0,20.007610321044922
AH (PL),0.6,13591.712769992528,0.0,1829.6504020690918
AH,0.6,654.9427977720702,0.0,22.797346115112305
AH (PL),0.6,12418.903631891772,0.0,2081.4359188079834
AH,0.2,953.0976606548624,0.0,37.514686584472656
AH (PL),0.2,12966.546285013694,0.0,3536.266088485718
AH,0.2,1357.8452014841596,0.0,36.5142822265625
AH (PL),0.2,14386.759592121021,0.0,3480.8695316314697
AH,0.4,792.4098601114149,0.0,28.44691276550293
AH (PL),0.4,12738.28600951274,0.0,2672.757148742676
AH,0.4,1531.162133078205,0.0,27.953147888183594
AH (PL),0.4,11846.642829123006,0.0,2549.588441848755
AH,0.6,731.1689192000905,0.0,19.52338218688965
AH (PL),0.6,10378.768762572967,0.0,1764.7149562835693
AH,0.6,1101.842521169925,0.0,18.01133155822754
AH (PL),0.6,12469.493108721277,0.0,1646.3515758514404
AH,0.2,1424.9193550734722,0.0,34.02447700500488
AH (PL),0.2,14583.889227236295,0.0,3160.212993621826
AH,0.2,1196.8800355096816,0.0,36.48185729980469
AH (PL),0.2,16324.36335905452,0.0,3363.3837699890137
AH,0.4,4070.2085468802616,0.0,26.515722274780273
AH (PL),0.4,13284.528058244183,0.0,2497.152328491211
AH,0.4,4003.6497283462386,0.0,25.516748428344727
AH (PL),0.4,13218.463306583708,0.0,2445.871114730835
AH,0.6,529.8709074807637,0.0,17.54593849182129
AH (PL),0.6,11340.023464170974,0.0,1542.1719551086426
AH,0.6,1131.2648850099438,0.0,21.54231071472168
AH (PL),0.6,10549.801326664721,0.0,1922.4514961242676
AH,0.2,666.6742447961512,0.0,37.52493858337402
AH (PL),0.2,12334.110307908853,0.0,3530.8852195739746
AH,0.2,648.9041645516191,0.0,36.966800689697266
AH (PL),0.2,12940.321219649148,0.0,3513.7040615081787
AH,0.4,968.134001821386,0.0,28.5184383392334
AH (PL),0.4,12324.604203850864,0.0,2593.7840938568115
AH,0.4,741.7085766318872,0.0,25.515079498291016
AH (PL),0.4,9453.480172169546,0.0,2368.6416149139404
AH,0.6,616.9445017270641,0.0,18.003225326538086
AH (PL),0.6,9907.086865100442,0.0,1685.6129169464111
AH,0.6,642.0211719778985,0.0,20.318269729614258
AH (PL),0.6,10773.484527571076,0.0,1656.526803970337
AH,0.2,1065.5134881261972,0.0,40.01021385192871
AH (PL),0.2,11766.111458939979,0.0,3939.366102218628
AH,0.2,2070.7540975300785,0.0,36.521196365356445
AH (PL),0.2,14884.957322159193,0.0,3536.4322662353516
AH,0.4,908.4191232162436,0.0,30.51590919494629
AH (PL),0.4,12449.47639203697,0.0,2926.6297817230225
AH,0.4,1563.4450037203414,0.0,28.533458709716797
AH (PL),0.4,10718.125095985613,0.0,2755.168914794922
AH,0.6,904.2250576162673,0.0,22.510051727294922
AH (PL),0.6,12571.51961344904,0.0,2045.732021331787
AH,0.6,1184.0482450929067,0.0,19.00458335876465
AH (PL),0.6,12205.113193102383,0.0,1683.1450462341309
AH,0.2,1267.9362925351932,0.0,37.01925277709961
AH (PL),0.2,13664.36373880046,0.0,3480.1676273345947
AH,0.2,1402.7793594130271,0.0,40.52853584289551
AH (PL),0.2,15707.235124118091,0.0,3550.4066944122314
AH,0.4,1166.3281578323067,0.0,29.529094696044922
AH (PL),0.4,14212.763525529732,0.0,2725.165843963623
AH,0.4,845.4425681299851,0.0,26.516199111938477
AH (PL),0.4,13300.59484511827,0.0,2490.803003311157
AH,0.6,805.1944222833793,0.0,21.00205421447754
AH (PL),0.6,11917.50805343663,0.0,1881.9386959075928
AH,0.6,840.2673801760724,0.0,18.00394058227539
AH (PL),0.6,9948.552456387077,0.0,1509.963035583496
AH,0.2,870.1274961314032,0.0,39.01243209838867
AH (PL),0.2,16773.52772424504,0.0,3696.7406272888184
AH,0.2,974.3165800415762,0.0,36.02433204650879
AH (PL),0.2,14033.522981102164,0.0,3399.1689682006836
AH,0.4,698.721475718542,0.0,30.006885528564453
AH (PL),0.4,14982.71405204401,0.0,2677.121162414551
AH,0.4,590.4600683699715,0.0,25.004863739013672
AH (PL),0.4,11795.590475457544,0.0,2341.647148132324
AH,0.6,1163.0160810954796,0.0,22.011518478393555
AH (PL),0.6,11072.053827981546,0.0,2032.3591232299805
AH,0.6,717.8964734777107,0.0,18.52130889892578
AH (PL),0.6,8880.389611606248,0.0,1643.6517238616943
AH,0.2,1616.3845786228062,0.0,35.512447357177734
AH (PL),0.2,15217.880922514081,0.0,3453.718900680542
AH,0.2,714.8258228361242,0.0,37.52636909484863
AH (PL),0.2,13782.243734028025,0.0,3648.425579071045
AH,0.4,724.7664999909437,0.0,28.00583839416504
AH (PL),0.4,11655.405203458018,0.0,2604.67529296875
AH,0.4,545.2762358045751,0.0,27.015209197998047
AH (PL),0.4,11826.05994752169,0.0,2509.3045234680176
AH,0.6,800.5194729080584,0.0,20.51568031311035
AH (PL),0.6,13167.53153767268,0.0,1949.5761394500732
AH,0.6,737.5976495869531,0.0,20.0045108795166
AH (PL),0.6,11215.195060288472,0.0,1868.4780597686768
AH,0.2,660.4417663200051,0.0,39.73388671875
AH (PL),0.2,18124.49622209406,0.0,3578.3286094665527
AH,0.2,869.4843469437177,0.0,36.01527214050293
AH (PL),0.2,14628.267387058626,0.0,3350.7397174835205
AH,0.4,887.6942345955323,0.0,29.515504837036133
AH (PL),0.4,15328.880834399146,0.0,2741.1773204803467
AH,0.4,802.8069747819131,0.0,28.00583839416504
AH (PL),0.4,13570.005337241124,0.0,2590.794801712036
AH,0.6,887.8775236428186,0.0,19.011259078979492
AH (PL),0.6,13583.97586959557,0.0,1732.2094440460205
AH,0.6,742.3105587637907,0.0,20.00904083251953
AH (PL),0.6,11364.913530561369,0.0,1613.1503582000732
AH,0.2,1264.3685816715135,0.0,37.52017021179199
AH (PL),0.2,13383.715900118179,0.0,3599.6179580688477
AH,0.2,1098.7733385508152,0.0,38.01274299621582
AH (PL),0.2,13923.100111197784,0.0,3652.7349948883057
AH,0.4,738.0866526584175,0.0,28.516054153442383
AH (PL),0.4,12477.527131545865,0.0,2652.665853500366
AH,0.4,1025.1581358298386,0.0,32.00697898864746
AH (PL),0.4,13272.975028921019,0.0,3026.9956588745117
AH,0.6,1452.2772943173711,0.0,22.003889083862305
AH (PL),0.6,13033.351799404909,0.0,2082.3652744293213
AH,0.6,4554.8779832907885,0.0,23.018360137939453
AH (PL),0.6,11094.368303663698,0.0,2056.7009449005127
AH,0.2,1027.6194479865244,0.0,37.01639175415039
AH (PL),0.2,11997.186211798278,0.0,3421.7028617858887
AH,0.2,904.6281926158159,0.0,39.015769958496094
AH (PL),0.2,13779.461458087679,0.0,3747.5311756134033
AH,0.4,903.2337304230277,0.0,29.0071964263916
AH (PL),0.4,13335.594733746586,0.0,2659.543037414551
AH,0.4,1218.884888060979,0.0,29.016971588134766
AH (PL),0.4,12291.615788470037,0.0,2644.364595413208
AH,0.6,2554.0732848179387,0.0,19.515037536621094
AH (PL),0.6,12288.507785377358,0.0,1760.256290435791
AH,0.6,637.5214873051474,0.0,20.994186401367188
AH (PL),0.6,13253.327218255185,0.0,1966.6321277618408
AH,0.2,503.0192994612044,0.0,34.51108932495117
AH (PL),0.2,11169.396363566875,0.0,3183.0804347991943
AH,0.2,933.833429464561,0.0,37.52589225769043
AH (PL),0.2,12192.14693104124,0.0,3408.649206161499
AH,0.4,691.8712115554754,0.0,29.01482582092285
AH (PL),0.4,10542.995104389563,0.0,2654.179573059082
AH,0.4,818.4642036302444,0.0,28.208494186401367
AH (PL),0.4,11298.982565280843,0.0,2576.5180587768555
AH,0.6,792.2113467391787,0.0,19.52528953552246
AH (PL),0.6,12261.786533784318,0.0,1754.4739246368408
AH,0.6,1490.8295721526554,0.0,22.50814437866211
AH (PL),0.6,13436.460562191043,0.0,2079.8375606536865
AH,0.2,623.5854358389204,0.0,40.297508239746094
AH (PL),0.2,11615.221675704333,0.0,3821.8297958374023
AH,0.2,753.3173927006715,0.0,37.5216007232666
AH (PL),0.2,13901.434598816031,0.0,3457.371711730957
AH,0.4,785.2091327074144,0.0,30.512571334838867
AH (PL),0.4,9648.073892635106,0.0,2848.4911918640137
AH,0.4,669.8447907498946,0.0,31.517744064331055
AH (PL),0.4,14470.254415043455,0.0,2894.460439682007
AH,0.6,749.3539189067135,0.0,20.0045108795166
AH (PL),0.6,11162.453082393531,0.0,1695.2815055847168
AH,0.6,996.6784308428203,0.0,19.005298614501953
AH (PL),0.6,12700.576773877967,0.0,1702.4846076965332
AH,0.2,1144.2520296194405,0.0,38.5894775390625
AH (PL),0.2,10882.931959825528,0.0,3581.125020980835
AH,0.2,779.3663461369784,0.0,37.02545166015625
AH (PL),0.2,12012.679763713526,0.0,3584.02681350708
AH,0.4,693.190943456065,0.0,29.51955795288086
AH (PL),0.4,11455.391080183668,0.0,2743.800401687622
AH,0.4,898.855317060472,0.0,28.07760238647461
AH (PL),0.4,12559.227299054432,0.0,2577.2931575775146
AH,0.6,751.7218186443667,0.0,23.51546287536621
AH (PL),0.6,12448.378618887593,0.0,2061.709403991699
AH,0.6,615.5197018470969,0.0,20.01476287841797
AH (PL),0.6,11276.853667963964,0.0,1828.481674194336
AH,0.2,518.8097208258374,0.0,38.00845146179199
AH (PL),0.2,11365.50828945043,0.0,3576.8980979919434
AH,0.2,352.18878034815634,0.0,36.53454780578613
AH (PL),0.2,13895.166736617552,0.0,3442.384958267212
AH,0.4,618.8428697155999,0.0,30.01713752746582
AH (PL),0.4,13455.520302794064,0.0,2755.281686782837
AH,0.4,773.9232047042317,0.0,27.518749237060547
AH (PL),0.4,13497.945256894547,0.0,2573.0135440826416
AH,0.6,626.375296953249,0.0,32.51934051513672
AH (PL),0.6,10584.630097841504,0.0,1902.890920639038
AH,0.6,691.1588428942518,0.0,20.514488220214844
AH (PL),0.6,12333.624347772455,0.0,1825.2620697021484
AH,0.2,830.7155648861225,0.0,41.45669937133789
AH (PL),0.2,11612.370263450397,0.0,3863.554000854492
AH,0.2,836.6476492044786,0.0,36.75055503845215
AH (PL),0.2,11628.182320248561,0.0,3428.5202026367188
AH,0.4,471.75440293644135,0.0,31.69870376586914
AH (PL),0.4,10402.411875000698,0.0,2666.17488861084
AH,0.4,867.6441646603898,0.0,30.013084411621094
AH (PL),0.4,11937.558155547624,0.0,2722.393274307251
AH,0.6,751.9378228828275,0.0,21.00682258605957
AH (PL),0.6,13916.246654817902,0.0,1892.8167819976807
AH,0.6,676.4229243758529,0.0,23.449182510375977
AH (PL),0.6,11958.212490514325,0.0,2008.7077617645264
AH,0.2,765.5577059631681,0.0,40.518760681152344
AH (PL),0.2,13948.549766748309,0.0,3999.5627403259277
AH,0.2,701.6609201689562,0.0,36.531686782836914
AH (PL),0.2,13399.25896211804,0.0,3228.261709213257
AH,0.4,732.7041719758422,0.0,34.52157974243164
AH (PL),0.4,13803.601536272963,0.0,2958.1832885742188
AH,0.4,565.6081419815787,0.0,26.51524543762207
AH (PL),0.4,14135.839490200227,0.0,2448.7569332122803
AH,0.6,901.344688235832,0.0,21.513700485229492
AH (PL),0.6,11482.60440344183,0.0,1904.8962593078613
AH,0.6,771.4088957703547,0.0,19.005298614501953
AH (PL),0.6,9614.047337851887,0.0,1712.1713161468506
AH,0.2,1906.5761095357761,0.0,38.0094051361084
AH (PL),0.2,15956.243079008213,0.0,3754.0483474731445
AH,0.2,932.9560439444585,0.0,36.525726318359375
AH (PL),0.2,14782.311136766924,0.0,3451.8654346466064
AH,0.4,3728.665814689038,0.0,28.5189151763916
AH (PL),0.4,13721.953112429068,0.0,2622.2825050354004
AH,0.4,1663.7683481754564,0.0,27.008771896362305
AH (PL),0.4,15183.408760750553,0.0,2533.6077213287354
AH,0.6,880.2396576981552,0.0,18.511056900024414
AH (PL),0.6,14347.708911903348,0.0,1644.9105739593506
AH,0.6,1352.8606643715902,0.0,18.004179000854492
AH (PL),0.6,13172.975012287605,0.0,1647.9322910308838
AH,0.2,1007.3867112467564,0.0,37.03904151916504
AH (PL),0.2,13276.848191682371,0.0,3522.4056243896484
AH,0.2,826.8249186830604,0.0,34.501075744628906
AH (PL),0.2,14193.897016892695,0.0,3181.9019317626953
AH,0.4,908.9827974895509,0.0,27.01711654663086
AH (PL),0.4,14532.214190760953,0.0,2552.5450706481934
AH,0.4,4805.152953130863,0.0,25.012731552124023
AH (PL),0.4,12995.192278683371,0.0,2298.9609241485596
AH,0.6,837.041839811481,0.0,18.01013946533203
AH (PL),0.6,12095.951595084156,0.0,1614.1889095306396
AH,0.6,981.6762448029588,0.0,16.983985900878906
AH (PL),0.6,12224.262519903259,0.0,1568.598747253418
AH,0.2,763.805943414652,0.0,35.01415252685547
AH (PL),0.2,14545.157843912493,0.0,3386.929750442505
AH,0.2,1550.206242140723,0.0,36.527395248413086
AH (PL),0.2,10753.76863080531,0.0,3478.8904190063477
AH,0.4,626.6458287932676,0.0,30.00664710998535
AH (PL),0.4,13287.52348813599,0.0,2712.266445159912
AH,0.4,1435.2136202861493,0.0,31.006813049316406
AH (PL),0.4,11501.28601637262,0.0,2790.642023086548
AH,0.6,562.8121046896763,0.0,19.514083862304688
AH (PL),0.6,12254.258033048145,0.0,1747.023582458496
AH,0.6,1474.7174011076686,0.0,19.515275955200195
AH (PL),0.6,13048.401667489032,0.0,1752.8855800628662
AH,0.2,663.0821552347005,0.0,37.00828552246094
AH (PL),0.2,12381.621884898484,0.0,3548.1629371643066
AH,0.2,769.9055808154507,0.0,38.00058364868164
AH (PL),0.2,14990.73288971582,0.0,3591.5749073028564
AH,0.4,768.322276024974,0.0,27.654409408569336
AH (PL),0.4,9067.345508942264,0.0,2457.577705383301
AH,0.4,976.0326590587632,0.0,29.5257568359375
AH (PL),0.4,13546.206632246045,0.0,2725.3918647766113
AH,0.6,1012.6517561893231,0.0,20.0042724609375
AH (PL),0.6,13041.792751560675,0.0,1826.5771865844727
AH,0.6,1011.1017214568999,0.0,22.51911163330078
AH (PL),0.6,11593.565480625533,0.0,2071.493625640869
AH,0.2,4563.009264000332,0.0,36.03339195251465
AH (PL),0.2,11645.17074622399,0.0,3377.235174179077
AH,0.2,1148.5533202273416,0.0,36.0262393951416
AH (PL),0.2,10969.234377338964,0.0,3379.537582397461
AH,0.4,930.0310290592731,0.0,27.516841888427734
AH (PL),0.4,12906.7224244775,0.0,2458.2695960998535
AH,0.4,2685.7786669373113,0.0,25.00629425048828
AH (PL),0.4,12474.590809350155,0.0,2282.1264266967773
AH,0.6,1326.373539432914,0.0,17.021656036376953
AH (PL),0.6,13693.731447367445,0.0,1561.081886291504
AH,0.6,951.3052740517281,0.0,19.010305404663086
AH (PL),0.6,12342.56235831397,0.0,1780.8289527893066
AH,0.2,748.165158386431,0.0,37.5208854675293
AH (PL),0.2,12742.239667889995,0.0,3254.056215286255
AH,0.2,1067.838466885642,0.0,36.333560943603516
AH (PL),0.2,16108.165997240769,0.0,3443.6068534851074
AH,0.4,785.8066397735445,0.0,23.515701293945312
AH (PL),0.4,12646.526604497476,0.0,2145.3189849853516
AH,0.4,1204.8946800784422,0.0,27.515888214111328
AH (PL),0.4,13065.373348935125,0.0,2454.3983936309814
AH,0.6,743.8711891972878,0.0,15.513181686401367
AH (PL),0.6,11177.257842925785,0.0,1417.447805404663
AH,0.6,1019.9166629151447,0.0,18.513202667236328
AH (PL),0.6,16120.984546725449,0.0,1642.0314311981201
AH,0.2,1043.4468158812813,0.0,36.52477264404297
AH (PL),0.2,12428.477859655806,0.0,3509.0551376342773
AH,0.2,1611.5632867973015,0.0,39.534568786621094
AH (PL),0.2,10886.50542027078,0.0,3581.9191932678223
AH,0.4,961.9342410328447,0.0,30.023574829101562
AH (PL),0.4,12837.041397984352,0.0,2687.084197998047
AH,0.4,1196.0490017053758,0.0,30.522584915161133
AH (PL),0.4,12944.567377123725,0.0,2514.0275955200195
AH,0.6,866.4539556960675,0.0,21.00539207458496
AH (PL),0.6,14015.486594180415,0.0,1885.5197429656982
AH,0.6,600.0598051837387,0.0,18.51344108581543
AH (PL),0.6,8647.840640032802,0.0,1677.1461963653564
AH,0.2,1064.5490550583884,0.0,39.0317440032959
AH (PL),0.2,10352.425411724993,0.0,3797.5378036499023
AH,0.2,2786.9805395876524,0.0,36.008358001708984
AH (PL),0.2,13583.090028107563,0.0,3427.02579498291
AH,0.4,907.5351040434534,0.0,32.02033042907715
AH (PL),0.4,11384.041438853767,0.0,2920.686721801758
AH,0.4,964.8310937521677,0.0,26.990652084350586
AH (PL),0.4,10660.972635493266,0.0,2447.5154876708984
AH,0.6,894.5482335525115,0.0,22.00460433959961
AH (PL),0.6,10481.250768409567,0.0,2101.8872261047363
AH,0.6,847.3616965076689,0.0,21.518230438232422
AH (PL),0.6,12687.518662017226,0.0,1792.834997177124
AH,0.2,1190.4965427520312,0.0,40.02523422241211
AH (PL),0.2,16213.04341773119,0.0,3899.6338844299316
AH,0.2,727.6987868198898,0.0,39.51430320739746
AH (PL),0.2,12908.47014874065,0.0,3809.5836639404297
AH,0.4,671.4881352894272,0.0,30.009984970092773
AH (PL),0.4,13467.022663355483,0.0,2793.8339710235596
AH,0.4,1195.4521964109372,0.0,29.518604278564453
AH (PL),0.4,13683.44507793411,0.0,2520.4386711120605
AH,0.6,682.3139224679875,0.0,23.005247116088867
AH (PL),0.6,12442.858754024573,0.0,1983.095407485962
AH,0.6,1016.5630792773893,0.0,19.017696380615234
AH (PL),0.6,11926.921784894928,0.0,1713.9043807983398
