model,dropout,surface,trial,rmse_bps,epp_bps,time_ms,epochs_trained
ICNN,0.2,0,0,657.8174337960688,0.0,4236.930131912231,178
ICNN,0.2,0,1,500.35294914882337,0.0,2851.64213180542,188
ICNN,0.2,0,2,725.4338489840378,0.0,2596.576690673828,156
ICNN,0.4,0,0,448.45938975278926,0.0,2855.701684951782,192
ICNN,0.4,0,1,624.3831052836504,0.0,2939.697027206421,201
ICNN,0.4,0,2,559.7985000205267,0.0,2584.416389465332,174
ICNN,0.6,0,0,467.00591051514124,0.0,3511.9504928588867,226
ICNN,0.6,0,1,849.5926622551689,0.0,2310.9395503997803,153
ICNN,0.6,0,2,447.9811373964902,0.0,2802.1059036254883,201
ICNN,0.2,1,0,673.8686149262458,0.0,3364.8266792297363,182
ICNN,0.2,1,1,418.2538340570968,0.0,2735.0780963897705,185
ICNN,0.2,1,2,974.169357478761,0.0,2786.58127784729,171
ICNN,0.4,1,0,825.3307094381162,0.0,3801.4183044433594,176
ICNN,0.4,1,1,639.8193472123339,0.0,6560.32395362854,174
ICNN,0.4,1,2,710.851975900212,0.0,4692.044973373413,198
ICNN,0.6,1,0,607.0049215618997,0.0,5116.833686828613,214
ICNN,0.6,1,1,656.554957853744,0.0,3047.6908683776855,188
ICNN,0.6,1,2,817.247969149418,0.0,3046.267509460449,164
ICNN,0.2,2,0,442.4534447142019,0.0,3257.965087890625,189
ICNN,0.2,2,1,430.91255309969523,0.0,2940.824508666992,213
ICNN,0.2,2,2,416.32158167137186,0.0,2518.9526081085205,186
ICNN,0.4,2,0,548.1130674945366,0.0,6123.649120330811,231
ICNN,0.4,2,1,474.39540818224145,0.0,4117.2192096710205,180
ICNN,0.4,2,2,495.09758463281753,0.0,4570.62840461731,198
ICNN,0.6,2,0,517.2954061643325,0.0,5570.780992507935,179
ICNN,0.6,2,1,437.3218876822612,0.0,8431.315422058105,181
ICNN,0.6,2,2,647.0224988412969,0.0,5043.658018112183,160
ICNN,0.2,3,0,414.3902277834931,0.0,8835.970401763916,179
ICNN,0.2,3,1,888.6259042970391,0.0,8320.841312408447,163
ICNN,0.2,3,2,410.41934900724726,0.0,4358.975887298584,171
ICNN,0.4,3,0,568.7781058963554,0.0,4370.299816131592,192
ICNN,0.4,3,1,727.7992006410494,0.0,2965.2299880981445,206
ICNN,0.4,3,2,479.1980388022276,0.0,2273.361921310425,184
ICNN,0.6,3,0,554.8568455813817,0.0,2083.80126953125,165
ICNN,0.6,3,1,815.4947819750001,0.0,1940.2766227722168,158
ICNN,0.6,3,2,561.9834418277387,0.0,2276.5493392944336,190
ICNN,0.2,4,0,860.5519619086655,0.0,2345.8666801452637,183
ICNN,0.2,4,1,721.8328454659054,0.0,3095.1526165008545,236
ICNN,0.2,4,2,712.7707047475972,0.0,2495.288848876953,194
ICNN,0.4,4,0,804.7924980672635,0.0,2245.3765869140625,178
ICNN,0.4,4,1,794.7917322955143,0.0,2080.2834033966064,166
ICNN,0.4,4,2,761.2090692982024,0.0,2464.432954788208,203
ICNN,0.6,4,0,802.9317947672074,0.0,2318.345785140991,187
ICNN,0.6,4,1,729.6934461310814,0.0,3076.184034347534,231
ICNN,0.6,4,2,626.194453713405,0.0,2799.567461013794,231
ICNN,0.2,5,0,827.3984749095464,0.0,2365.8907413482666,188
ICNN,0.2,5,1,799.6131964871657,0.0,2903.6738872528076,225
ICNN,0.2,5,2,490.5956372670973,0.0,2767.052173614502,215
ICNN,0.4,5,0,686.4772162637496,0.0,2938.603639602661,235
ICNN,0.4,5,1,730.2921347812322,0.0,2192.397356033325,176
ICNN,0.4,5,2,663.5998114391914,0.0,2295.7191467285156,181
ICNN,0.6,5,0,725.376500682623,0.0,2296.828269958496,192
ICNN,0.6,5,1,801.4757538580714,0.0,2111.2847328186035,175
ICNN,0.6,5,2,769.0388669248096,0.0,2088.7575149536133,171
ICNN,0.2,6,0,590.2184198512975,0.0,2668.0519580841064,166
ICNN,0.2,6,1,647.5651775093718,0.0,2832.04984664917,219
ICNN,0.2,6,2,583.8128680818379,0.0,2233.823299407959,177
ICNN,0.4,6,0,745.0044869925794,0.0,2239.8011684417725,182
ICNN,0.4,6,1,664.0789455478224,0.0,2650.0258445739746,212
ICNN,0.4,6,2,602.2835941008963,0.0,2640.0485038757324,213
ICNN,0.6,6,0,813.4489609685277,0.0,2670.551300048828,180
ICNN,0.6,6,1,853.6298208388091,0.0,2424.9813556671143,186
ICNN,0.6,6,2,777.503212900703,0.0,3061.1634254455566,250
ICNN,0.2,7,0,660.6985688232772,0.0,2357.8128814697266,187
ICNN,0.2,7,1,712.872302451178,0.0,2878.091335296631,214
ICNN,0.2,7,2,770.7378947252053,0.0,2991.122007369995,218
ICNN,0.4,7,0,751.8263097581106,0.0,2082.259178161621,167
ICNN,0.4,7,1,787.4655124997352,0.0,2456.2292098999023,198
ICNN,0.4,7,2,698.5351595828769,0.0,2717.564344406128,221
ICNN,0.6,7,0,703.8219360103897,0.0,2210.8452320098877,178
ICNN,0.6,7,1,581.3562874362761,0.0,2268.326997756958,188
ICNN,0.6,7,2,619.2183346783472,0.0,2787.5163555145264,230
ICNN,0.2,8,0,706.4174321096237,0.0,2835.547685623169,217
ICNN,0.2,8,1,502.0257420028132,0.0,2245.380401611328,175
ICNN,0.2,8,2,297.3280131398871,0.0,2527.453660964966,200
ICNN,0.4,8,0,810.2468657822126,0.0,2470.491886138916,198
ICNN,0.4,8,1,538.6023345305074,0.0,2659.489393234253,212
ICNN,0.4,8,2,589.9491517813487,0.0,2530.7106971740723,193
ICNN,0.6,8,0,574.6512738470623,0.0,2472.3947048187256,206
ICNN,0.6,8,1,549.4509231021148,0.0,2084.5577716827393,172
ICNN,0.6,8,2,441.1166694080818,0.0,2334.728479385376,191
ICNN,0.2,9,0,566.4503378859652,0.0,2275.8593559265137,176
ICNN,0.2,9,1,611.682820664983,0.0,1942.3737525939941,152
ICNN,0.2,9,2,445.46425550657494,0.0,2451.02858543396,185
ICNN,0.4,9,0,613.7026638590144,0.0,2346.8573093414307,187
ICNN,0.4,9,1,601.61445782328,0.0,2522.4609375,200
ICNN,0.4,9,2,546.4318111805162,0.0,2182.3112964630127,173
ICNN,0.6,9,0,444.1388150719458,0.0,2272.3445892333984,186
ICNN,0.6,9,1,638.9651724974235,0.0,2469.930410385132,206
ICNN,0.6,9,2,448.0546190660812,0.0,2560.9517097473145,193
ICNN,0.2,10,0,510.92605453545275,0.0,2696.0299015045166,195
ICNN,0.2,10,1,429.9387163329348,0.0,2537.414073944092,187
ICNN,0.2,10,2,493.3987971398663,0.0,3278.315782546997,255
ICNN,0.4,10,0,572.3112306398399,0.0,2685.093402862549,210
ICNN,0.4,10,1,583.7521717771344,0.0,2236.314296722412,181
ICNN,0.4,10,2,462.11849218793037,0.0,2581.4573764801025,208
ICNN,0.6,10,0,642.110488045878,0.0,2695.021152496338,222
ICNN,0.6,10,1,676.8069398149687,0.0,2080.9502601623535,175
ICNN,0.6,10,2,661.7053559668129,0.0,2629.9707889556885,213
ICNN,0.2,11,0,785.400288807941,0.0,2209.8238468170166,173
ICNN,0.2,11,1,704.9172243648138,0.0,2830.556631088257,219
ICNN,0.2,11,2,746.23122687722,0.0,2620.9940910339355,191
ICNN,0.4,11,0,639.4162048400505,0.0,2568.464756011963,203
ICNN,0.4,11,1,590.6381762717771,0.0,2284.7158908843994,186
ICNN,0.4,11,2,534.7406349648794,0.0,2279.4110774993896,179
ICNN,0.6,11,0,533.3103133729895,0.0,2550.4519939422607,208
ICNN,0.6,11,1,818.3457329779384,0.0,2176.8178939819336,180
ICNN,0.6,11,2,540.9169292013962,0.0,2335.3981971740723,186
ICNN,0.2,12,0,757.2941492013201,0.0,2340.4526710510254,182
ICNN,0.2,12,1,510.35877192952194,0.0,2178.8253784179688,171
ICNN,0.2,12,2,392.7931731483985,0.0,2430.9353828430176,192
ICNN,0.4,12,0,774.4682883615725,0.0,2294.8639392852783,184
ICNN,0.4,12,1,550.7094119935491,0.0,2563.969850540161,202
ICNN,0.4,12,2,515.0029536669972,0.0,2227.844476699829,178
ICNN,0.6,12,0,486.905609452912,0.0,2236.8388175964355,184
ICNN,0.6,12,1,686.4232612017448,0.0,2479.9113273620605,201
ICNN,0.6,12,2,532.6538029076864,0.0,2581.4478397369385,213
ICNN,0.2,13,0,522.8764233738806,0.0,2814.0687942504883,215
ICNN,0.2,13,1,582.3178393986182,0.0,2310.9028339385986,170
ICNN,0.2,13,2,335.58724035073135,0.0,2365.9260272979736,182
ICNN,0.4,13,0,498.2622170101544,0.0,2084.303617477417,167
ICNN,0.4,13,1,366.93742027183043,0.0,2226.8426418304443,174
ICNN,0.4,13,2,417.56835115017736,0.0,2228.8453578948975,180
ICNN,0.6,13,0,575.4662931123663,0.0,2010.2589130401611,164
ICNN,0.6,13,1,404.42202302759927,0.0,2490.9608364105225,203
ICNN,0.6,13,2,326.8288788166145,0.0,2519.4852352142334,205
ICNN,0.2,14,0,548.5824269691857,0.0,2303.8790225982666,179
ICNN,0.2,14,1,839.5226881832468,0.0,3812.4964237213135,230
ICNN,0.2,14,2,749.6577578316316,0.0,2237.793207168579,174
ICNN,0.4,14,0,680.7771182676531,0.0,2116.1179542541504,168
ICNN,0.4,14,1,724.1589352908994,0.0,2573.9736557006836,179
ICNN,0.4,14,2,631.6317788690809,0.0,2443.9103603363037,184
ICNN,0.6,14,0,599.8601282111468,0.0,2219.343900680542,185
ICNN,0.6,14,1,551.2603218514632,0.0,2585.6518745422363,201
ICNN,0.6,14,2,623.4272812499513,0.0,2651.6666412353516,219
ICNN,0.2,15,0,691.5212627317148,0.0,2087.81361579895,166
ICNN,0.2,15,1,719.7336264425313,0.0,3426.858901977539,166
ICNN,0.2,15,2,566.2578899735837,0.0,4217.111825942993,200
ICNN,0.4,15,0,651.6023593269084,0.0,2196.3160037994385,177
ICNN,0.4,15,1,791.5866453024437,0.0,2071.37393951416,165
ICNN,0.4,15,2,885.4424222297085,0.0,2050.278902053833,162
ICNN,0.6,15,0,686.9585281595963,0.0,2182.7991008758545,179
ICNN,0.6,15,1,921.6510278400319,0.0,2014.7459506988525,164
ICNN,0.6,15,2,618.8311852714313,0.0,2412.917375564575,202
ICNN,0.2,16,0,442.65284712919816,0.0,2399.4314670562744,181
ICNN,0.2,16,1,484.5395675295703,0.0,2697.0670223236084,207
ICNN,0.2,16,2,580.6972371133668,0.0,2176.316261291504,168
ICNN,0.4,16,0,626.3030027305342,0.0,2824.9006271362305,227
ICNN,0.4,16,1,714.2592357858242,0.0,2493.912935256958,197
ICNN,0.4,16,2,641.5523201382326,0.0,2816.8904781341553,226
ICNN,0.6,16,0,530.9371110006709,0.0,2216.299057006836,182
ICNN,0.6,16,1,689.4222250748766,0.0,2645.493745803833,214
ICNN,0.6,16,2,711.116790935332,0.0,2646.3029384613037,220
ICNN,0.2,17,0,906.8226743642964,0.0,2907.453775405884,227
ICNN,0.2,17,1,577.264189220484,0.0,2615.1344776153564,199
ICNN,0.2,17,2,586.1188018201022,0.0,3267.777681350708,253
ICNN,0.4,17,0,803.7255782955798,0.0,2938.610792160034,235
ICNN,0.4,17,1,670.4092725153251,0.0,2347.4013805389404,190
ICNN,0.4,17,2,849.3684187007439,0.0,2219.3350791931152,178
ICNN,0.6,17,0,621.2399150461761,0.0,2913.597583770752,227
ICNN,0.6,17,1,857.1490105860414,0.0,3049.1926670074463,228
ICNN,0.6,17,2,730.7371059939746,0.0,2326.375722885132,192
ICNN,0.2,18,0,814.4349210278899,0.0,2453.551769256592,192
ICNN,0.2,18,1,459.1677408659384,0.0,2310.852527618408,178
ICNN,0.2,18,2,657.1091871883684,0.0,2812.1302127838135,219
ICNN,0.4,18,0,548.9608490777397,0.0,2720.519542694092,216
ICNN,0.4,18,1,668.4781374372304,0.0,2280.8854579925537,180
ICNN,0.4,18,2,565.4888581283008,0.0,2380.3858757019043,191
ICNN,0.6,18,0,838.1708920884518,0.0,2283.8618755340576,186
ICNN,0.6,18,1,798.5983316656051,0.0,2172.2042560577393,173
ICNN,0.6,18,2,518.8056956208462,0.0,2868.690252304077,189
ICNN,0.2,19,0,719.2166833385048,0.0,3421.8902587890625,176
ICNN,0.2,19,1,930.8474232647857,0.0,3403.39732170105,167
ICNN,0.2,19,2,847.9753166345544,0.0,2927.661895751953,196
ICNN,0.4,19,0,631.1553867697463,0.0,2629.8348903656006,171
ICNN,0.4,19,1,624.2048575780818,0.0,3269.3138122558594,206
ICNN,0.4,19,2,639.508884103234,0.0,2211.3277912139893,165
ICNN,0.6,19,0,712.2280454885432,0.0,2459.9461555480957,189
ICNN,0.6,19,1,586.2981851169367,0.0,2126.3132095336914,170
ICNN,0.6,19,2,607.819018254382,0.0,2138.310432434082,177
ICNN,0.2,20,0,660.6911628443697,0.0,2313.080072402954,178
ICNN,0.2,20,1,505.55724436121704,0.0,2257.366895675659,176
ICNN,0.2,20,2,560.112449405627,0.0,2192.314386367798,171
ICNN,0.4,20,0,498.54950020600893,0.0,2658.515453338623,194
ICNN,0.4,20,1,497.9832712870269,0.0,2480.4601669311523,202
ICNN,0.4,20,2,487.22657625953974,0.0,2299.8838424682617,186
ICNN,0.6,20,0,495.10261265453437,0.0,2338.3967876434326,190
ICNN,0.6,20,1,575.9910308934543,0.0,2076.305389404297,171
ICNN,0.6,20,2,544.7994398846657,0.0,2721.3265895843506,222
ICNN,0.2,21,0,696.5483324583735,0.0,2754.0597915649414,215
ICNN,0.2,21,1,494.699764832467,0.0,2920.5853939056396,227
ICNN,0.2,21,2,492.60988508481825,0.0,2439.4097328186035,192
ICNN,0.4,21,0,660.558582489759,0.0,2237.3273372650146,180
ICNN,0.4,21,1,542.4134744429224,0.0,2949.129819869995,231
ICNN,0.4,21,2,749.3423094141745,0.0,2303.884983062744,176
ICNN,0.6,21,0,729.5356747755627,0.0,2249.831199645996,185
ICNN,0.6,21,1,541.4717973655165,0.0,2184.326171875,181
ICNN,0.6,21,2,586.6352711828218,0.0,2517.4877643585205,207
ICNN,0.2,22,0,843.932692202434,0.0,3418.2615280151367,255
ICNN,0.2,22,1,683.2415960906775,0.0,3819.9970722198486,174
ICNN,0.2,22,2,983.6847979630794,0.0,4042.060136795044,244
ICNN,0.4,22,0,664.862009981507,0.0,3081.099510192871,247
ICNN,0.4,22,1,623.003089751711,0.0,2970.637083053589,234
ICNN,0.4,22,2,703.6871786730225,0.0,3055.720806121826,195
ICNN,0.6,22,0,563.9982925278047,0.0,2360.891580581665,177
ICNN,0.6,22,1,519.9501227741139,0.0,2374.9029636383057,187
ICNN,0.6,22,2,822.6277106536327,0.0,1964.7297859191895,158
ICNN,0.2,23,0,669.2920836323127,0.0,2213.3352756500244,172
ICNN,0.2,23,1,519.3996853300872,0.0,2273.8518714904785,178
ICNN,0.2,23,2,448.22764432507904,0.0,2448.427677154541,193
ICNN,0.4,23,0,474.5624199611754,0.0,2386.4078521728516,189
ICNN,0.4,23,1,609.7507608723133,0.0,2984.710454940796,235
ICNN,0.4,23,2,468.7088113558561,0.0,2401.5917778015137,193
ICNN,0.6,23,0,492.3642733689982,0.0,2525.4385471343994,207
ICNN,0.6,23,1,573.461760740599,0.0,2248.2657432556152,187
ICNN,0.6,23,2,500.97413448662314,0.0,2555.9699535369873,182
ICNN,0.2,24,0,496.56569462040693,0.0,2813.5335445404053,216
ICNN,0.2,24,1,599.3972922980512,0.0,2530.463695526123,195
ICNN,0.2,24,2,826.1396592679597,0.0,2581.4857482910156,200
ICNN,0.4,24,0,793.5174300283568,0.0,2075.794458389282,161
ICNN,0.4,24,1,689.6576752225991,0.0,2429.8582077026367,186
ICNN,0.4,24,2,637.2801550202256,0.0,2226.853132247925,159
ICNN,0.6,24,0,570.9614713381983,0.0,3117.7239418029785,223
ICNN,0.6,24,1,718.4356125223562,0.0,2887.1190547943115,200
ICNN,0.6,24,2,679.7311457797206,0.0,2454.427480697632,184
ICNN,0.2,25,0,633.469192915586,0.0,2324.5222568511963,178
ICNN,0.2,25,1,497.2339901435208,0.0,2701.606512069702,183
ICNN,0.2,25,2,389.26669927075454,0.0,2433.546543121338,175
ICNN,0.4,25,0,691.4729993595547,0.0,2044.4586277008057,163
ICNN,0.4,25,1,624.37927430658,0.0,2560.5759620666504,194
ICNN,0.4,25,2,590.4289078991012,0.0,2635.911464691162,182
ICNN,0.6,25,0,581.2998530824235,0.0,2844.0911769866943,219
ICNN,0.6,25,1,530.0023306600768,0.0,2395.6987857818604,190
ICNN,0.6,25,2,632.8672794656227,0.0,2340.874433517456,193
ICNN,0.2,26,0,666.2615926339986,0.0,2525.582790374756,197
ICNN,0.2,26,1,482.53187045404644,0.0,2006.2565803527832,159
ICNN,0.2,26,2,499.86898125145245,0.0,2732.511281967163,214
ICNN,0.4,26,0,780.925161489321,0.0,1915.2400493621826,155
ICNN,0.4,26,1,405.0596498347649,0.0,2327.6491165161133,188
ICNN,0.4,26,2,520.0739973994434,0.0,2669.8858737945557,206
ICNN,0.6,26,0,694.3818249479509,0.0,2610.461950302124,219
ICNN,0.6,26,1,410.6075180121991,0.0,2242.875814437866,185
ICNN,0.6,26,2,506.7299682576404,0.0,2253.3621788024902,184
ICNN,0.2,27,0,495.77579978658315,0.0,2763.5555267333984,209
ICNN,0.2,27,1,817.9030337954521,0.0,2274.867296218872,178
ICNN,0.2,27,2,577.3203461461945,0.0,2486.9518280029297,186
ICNN,0.4,27,0,607.1898338047782,0.0,2983.410596847534,239
ICNN,0.4,27,1,731.2801711196054,0.0,2355.858325958252,191
ICNN,0.4,27,2,457.1780888973169,0.0,2711.4052772521973,200
ICNN,0.6,27,0,628.4795935322888,0.0,2054.7611713409424,168
ICNN,0.6,27,1,718.7681144206402,0.0,2589.456081390381,216
ICNN,0.6,27,2,477.79918377067486,0.0,2595.4630374908447,209
ICNN,0.2,28,0,858.7817704749756,0.0,1994.248867034912,156
ICNN,0.2,28,1,517.8922048516384,0.0,1936.0058307647705,154
ICNN,0.2,28,2,346.81343670846167,0.0,2572.448492050171,196
ICNN,0.4,28,0,721.4792219826934,0.0,2300.8551597595215,179
ICNN,0.4,28,1,714.1710635125531,0.0,2377.854108810425,189
ICNN,0.4,28,2,408.12139919552993,0.0,2376.4026165008545,186
ICNN,0.6,28,0,559.6137599756114,0.0,2643.4719562530518,196
ICNN,0.6,28,1,715.6946689311374,0.0,1924.7052669525146,160
ICNN,0.6,28,2,594.4340975995354,0.0,2067.300796508789,169
ICNN,0.2,29,0,639.9324577154597,0.0,2229.883909225464,170
ICNN,0.2,29,1,947.545139837645,0.0,2296.8921661376953,178
ICNN,0.2,29,2,660.0094916232932,0.0,2333.3144187927246,180
ICNN,0.4,29,0,568.8558626594186,0.0,2077.763795852661,166
ICNN,0.4,29,1,740.4198309001969,0.0,2433.8200092315674,193
ICNN,0.4,29,2,502.52701855911334,0.0,2167.816638946533,176
ICNN,0.6,29,0,518.9335849831388,0.0,2526.4647006988525,204
ICNN,0.6,29,1,788.543955337855,0.0,2130.2926540374756,176
ICNN,0.6,29,2,670.7133731681421,0.0,2777.0309448242188,223
ICNN,0.2,30,0,707.8153455920975,0.0,3259.7169876098633,237
ICNN,0.2,30,1,518.3193865722645,0.0,2488.468885421753,183
ICNN,0.2,30,2,503.5463017734427,0.0,2736.3908290863037,216
ICNN,0.4,30,0,709.8799641507417,0.0,2848.42848777771,225
ICNN,0.4,30,1,424.6825602360308,0.0,2426.964282989502,183
ICNN,0.4,30,2,532.7772086940997,0.0,2903.5704135894775,231
ICNN,0.6,30,0,793.9362863925913,0.0,2059.541702270508,171
ICNN,0.6,30,1,619.8961209029595,0.0,2255.356550216675,185
ICNN,0.6,30,2,789.1798688307294,0.0,2675.069570541382,222
ICNN,0.2,31,0,731.093299052766,0.0,2128.2920837402344,166
ICNN,0.2,31,1,640.1802587694143,0.0,2448.9073753356934,190
ICNN,0.2,31,2,858.0713552898621,0.0,2797.926425933838,220
ICNN,0.4,31,0,557.9798419662143,0.0,2380.3954124450684,189
ICNN,0.4,31,1,723.993121934212,0.0,2180.3297996520996,174
ICNN,0.4,31,2,669.9934635927797,0.0,2677.7448654174805,218
ICNN,0.6,31,0,692.7286917100328,0.0,2856.560468673706,236
ICNN,0.6,31,1,608.8456571107967,0.0,2717.3726558685303,220
ICNN,0.6,31,2,802.0245042153433,0.0,2758.563995361328,228
ICNN,0.2,32,0,618.3757502957509,0.0,2314.8531913757324,180
ICNN,0.2,32,1,529.907853800134,0.0,2226.8543243408203,176
ICNN,0.2,32,2,725.7491808849529,0.0,2367.805242538452,180
ICNN,0.4,32,0,806.9361030125918,0.0,2754.8656463623047,223
ICNN,0.4,32,1,665.0635478506664,0.0,2402.4643898010254,190
ICNN,0.4,32,2,638.2872195564366,0.0,2349.665403366089,187
ICNN,0.6,32,0,695.5270653397695,0.0,2152.8141498565674,173
ICNN,0.6,32,1,732.778166799098,0.0,2234.8406314849854,188
ICNN,0.6,32,2,598.802782772124,0.0,2234.8287105560303,183
ICNN,0.2,33,0,505.54194178806915,0.0,2264.3582820892334,179
ICNN,0.2,33,1,634.8545199226301,0.0,2741.0707473754883,205
ICNN,0.2,33,2,742.9533216208965,0.0,2499.9327659606934,197
ICNN,0.4,33,0,788.7521743362053,0.0,2428.9424419403076,183
ICNN,0.4,33,1,588.4793078571448,0.0,2214.843273162842,180
ICNN,0.4,33,2,634.7232350884068,0.0,2630.0110816955566,210
ICNN,0.6,33,0,548.3289463815057,0.0,2129.4949054718018,173
ICNN,0.6,33,1,501.62642408279686,0.0,2259.3162059783936,188
ICNN,0.6,33,2,644.0651671642825,0.0,2764.167547225952,231
ICNN,0.2,34,0,666.1568321549026,0.0,2235.853910446167,172
ICNN,0.2,34,1,617.9671080892207,0.0,2597.45192527771,204
ICNN,0.2,34,2,429.21279778841915,0.0,2401.390314102173,185
ICNN,0.4,34,0,572.9760703060863,0.0,2332.3752880096436,187
ICNN,0.4,34,1,652.1725686272521,0.0,2511.970043182373,203
ICNN,0.4,34,2,715.6111190565209,0.0,2193.340063095093,167
ICNN,0.6,34,0,744.409892335975,0.0,2051.935911178589,168
ICNN,0.6,34,1,785.3347729412087,0.0,1992.7301406860352,164
ICNN,0.6,34,2,872.3593177486509,0.0,1959.200382232666,159
ICNN,0.2,35,0,674.4424397320398,0.0,2083.3141803741455,161
ICNN,0.2,35,1,526.5422337548897,0.0,2210.414409637451,175
ICNN,0.2,35,2,498.90791940748335,0.0,2560.9383583068848,191
ICNN,0.4,35,0,410.79151391106586,0.0,2275.324821472168,186
ICNN,0.4,35,1,679.8443610236234,0.0,2796.9300746917725,218
ICNN,0.4,35,2,575.8157035825262,0.0,2267.3490047454834,183
ICNN,0.6,35,0,500.5177286285848,0.0,2036.7484092712402,171
ICNN,0.6,35,1,439.98276705318466,0.0,2523.4670639038086,210
ICNN,0.6,35,2,643.2507907572096,0.0,2401.451587677002,183
ICNN,0.2,36,0,803.8128738837149,0.0,2355.898141860962,170
ICNN,0.2,36,1,546.9136101494244,0.0,2109.8005771636963,161
ICNN,0.2,36,2,797.2271310389266,0.0,2253.8509368896484,180
ICNN,0.4,36,0,722.4805309111325,0.0,2610.521078109741,210
ICNN,0.4,36,1,688.1173874467504,0.0,2260.1518630981445,183
ICNN,0.4,36,2,682.7435628783509,0.0,2603.4629344940186,212
ICNN,0.6,36,0,828.7142843134042,0.0,2216.175317764282,183
ICNN,0.6,36,1,605.2424099616159,0.0,2163.331985473633,179
ICNN,0.6,36,2,682.1812259488178,0.0,2683.128833770752,223
ICNN,0.2,37,0,389.70184062639834,0.0,2202.5067806243896,177
ICNN,0.2,37,1,500.99392876240927,0.0,2502.2292137145996,198
ICNN,0.2,37,2,686.8175217327895,0.0,1837.6901149749756,143
ICNN,0.4,37,0,489.59638512593875,0.0,2036.766529083252,163
ICNN,0.4,37,1,553.411155266633,0.0,2518.955945968628,199
ICNN,0.4,37,2,667.6745951032985,0.0,2124.300956726074,171
ICNN,0.6,37,0,568.9107182402232,0.0,2901.0701179504395,244
ICNN,0.6,37,1,747.1368638549618,0.0,2132.3211193084717,176
ICNN,0.6,37,2,674.9495970119375,0.0,2077.37398147583,176
ICNN,0.2,38,0,617.5985583886143,0.0,2154.320240020752,164
ICNN,0.2,38,1,788.9883893691218,0.0,2254.8422813415527,176
ICNN,0.2,38,2,622.1558447384668,0.0,2243.6888217926025,173
ICNN,0.4,38,0,731.8729178290765,0.0,2380.8798789978027,189
ICNN,0.4,38,1,629.8360029807064,0.0,3149.2226123809814,246
ICNN,0.4,38,2,684.2819004719288,0.0,3016.1781311035156,218
ICNN,0.6,38,0,808.5005232924725,0.0,2104.799509048462,168
ICNN,0.6,38,1,561.5324104237293,0.0,2384.3905925750732,197
ICNN,0.6,38,2,864.4954320277883,0.0,1871.2248802185059,151
ICNN,0.2,39,0,514.550637563316,0.0,2960.4616165161133,231
ICNN,0.2,39,1,610.9553069796783,0.0,2486.552953720093,193
ICNN,0.2,39,2,715.8715882828566,0.0,2130.277395248413,166
ICNN,0.4,39,0,619.926901362406,0.0,2493.9961433410645,203
ICNN,0.4,39,1,550.1903024713699,0.0,2281.83650970459,183
ICNN,0.4,39,2,625.1232369176842,0.0,2613.9676570892334,202
ICNN,0.6,39,0,651.8121938440634,0.0,2139.7788524627686,175
ICNN,0.6,39,1,483.8267986802159,0.0,2352.8847694396973,192
ICNN,0.6,39,2,869.492626516513,0.0,2048.7444400787354,166
ICNN,0.2,40,0,807.3714021905014,0.0,2283.841371536255,173
ICNN,0.2,40,1,506.88824362102457,0.0,2333.3675861358643,177
ICNN,0.2,40,2,604.3792100708602,0.0,2305.7825565338135,183
ICNN,0.4,40,0,546.4479544190592,0.0,2366.35684967041,192
ICNN,0.4,40,1,992.9020399013168,0.0,2286.8638038635254,181
ICNN,0.4,40,2,456.5345015910992,0.0,2285.9156131744385,182
ICNN,0.6,40,0,724.733624604791,0.0,2022.7625370025635,171
ICNN,0.6,40,1,821.4774582387764,0.0,2423.9094257354736,192
ICNN,0.6,40,2,687.5795942191654,0.0,2776.5896320343018,226
ICNN,0.2,41,0,548.2775163654275,0.0,2211.635112762451,175
ICNN,0.2,41,1,531.4893550551978,0.0,2827.5105953216553,221
ICNN,0.2,41,2,953.7409504494921,0.0,2403.660297393799,189
ICNN,0.4,41,0,525.5351096863731,0.0,2720.479726791382,209
ICNN,0.4,41,1,560.2901416623225,0.0,2408.9152812957764,191
ICNN,0.4,41,2,607.6187269109549,0.0,2218.860864639282,178
ICNN,0.6,41,0,562.6506358518303,0.0,2176.9378185272217,179
ICNN,0.6,41,1,721.7360337273917,0.0,2248.9564418792725,185
ICNN,0.6,41,2,647.2790319128605,0.0,2677.2141456604004,223
ICNN,0.2,42,0,545.857483722692,0.0,2043.1668758392334,160
ICNN,0.2,42,1,525.7559163204116,0.0,2445.96529006958,192
ICNN,0.2,42,2,476.69416210249364,0.0,2605.6222915649414,204
ICNN,0.4,42,0,564.0710166301867,0.0,2270.3640460968018,181
ICNN,0.4,42,1,646.2269135407469,0.0,3443.767547607422,224
ICNN,0.4,42,2,801.210693582154,0.0,2506.047248840332,172
ICNN,0.6,42,0,587.588025731089,0.0,2703.0045986175537,198
ICNN,0.6,42,1,641.093097545621,0.0,2862.5874519348145,228
ICNN,0.6,42,2,646.2438414262471,0.0,2381.4988136291504,195
ICNN,0.2,43,0,640.4812376903302,0.0,2184.1371059417725,173
ICNN,0.2,43,1,440.84339930491404,0.0,2521.6174125671387,195
ICNN,0.2,43,2,465.29909748380567,0.0,2742.0361042022705,216
ICNN,0.4,43,0,798.030755912756,0.0,2472.942113876343,187
ICNN,0.4,43,1,664.9489707222907,0.0,2168.8294410705566,176
ICNN,0.4,43,2,823.5096467801724,0.0,2535.480737686157,201
ICNN,0.6,43,0,492.54673696720556,0.0,2256.3438415527344,185
ICNN,0.6,43,1,416.8101379375776,0.0,2424.893617630005,194
ICNN,0.6,43,2,509.30020376092443,0.0,2237.670421600342,186
ICNN,0.2,44,0,577.109586627508,0.0,2178.79581451416,170
ICNN,0.2,44,1,503.01700864302694,0.0,2350.998640060425,183
ICNN,0.2,44,2,447.47373385952744,0.0,2714.505434036255,178
ICNN,0.4,44,0,445.4139818725065,0.0,2445.2872276306152,191
ICNN,0.4,44,1,516.156309877646,0.0,2238.2216453552246,180
ICNN,0.4,44,2,517.4253034006258,0.0,2325.352907180786,187
ICNN,0.6,44,0,465.0846894447513,0.0,2254.4755935668945,185
ICNN,0.6,44,1,491.54804246004727,0.0,2517.4167156219482,193
ICNN,0.6,44,2,553.8715908369686,0.0,2261.8422508239746,186
ICNN,0.2,45,0,756.2819386294888,0.0,2417.7353382110596,193
ICNN,0.2,45,1,765.3632422341419,0.0,2488.95001411438,180
ICNN,0.2,45,2,525.4877451773798,0.0,2722.6083278656006,208
ICNN,0.4,45,0,842.1619089966753,0.0,2179.837703704834,167
ICNN,0.4,45,1,482.46818108717906,0.0,2400.543689727783,189
ICNN,0.4,45,2,704.8679873240945,0.0,2601.2651920318604,206
ICNN,0.6,45,0,816.2880170701059,0.0,1972.8071689605713,162
ICNN,0.6,45,1,583.6211903552918,0.0,2266.2534713745117,181
ICNN,0.6,45,2,597.2546365370249,0.0,2060.2829456329346,169
ICNN,0.2,46,0,540.1470895169855,0.0,2218.3103561401367,176
ICNN,0.2,46,1,621.8042458987818,0.0,2555.9675693511963,184
ICNN,0.2,46,2,553.6039073695995,0.0,2750.051736831665,210
ICNN,0.4,46,0,483.0946637401654,0.0,2516.9527530670166,194
ICNN,0.4,46,1,640.4625676850186,0.0,2685.988664627075,216
ICNN,0.4,46,2,751.8312689779159,0.0,2131.2992572784424,169
ICNN,0.6,46,0,593.7202251322668,0.0,2520.4620361328125,202
ICNN,0.6,46,1,520.4502125647749,0.0,2580.516815185547,206
ICNN,0.6,46,2,780.06648883392,0.0,1980.240821838379,162
ICNN,0.2,47,0,493.45578771194795,0.0,2639.163017272949,206
ICNN,0.2,47,1,468.3585557667083,0.0,2693.044900894165,209
ICNN,0.2,47,2,667.6642723097106,0.0,2191.3111209869385,173
ICNN,0.4,47,0,466.7806134314551,0.0,2925.6417751312256,219
ICNN,0.4,47,1,612.015522568186,0.0,2713.296890258789,167
ICNN,0.4,47,2,589.3731413613195,0.0,2459.429979324341,185
ICNN,0.6,47,0,435.10517055172375,0.0,2299.821376800537,184
ICNN,0.6,47,1,573.5879773331338,0.0,2386.728525161743,196
ICNN,0.6,47,2,535.4463974920302,0.0,2439.9075508117676,201
ICNN,0.2,48,0,312.10635176567365,0.0,2539.215087890625,194
ICNN,0.2,48,1,656.716733512701,0.0,2749.7646808624268,212
ICNN,0.2,48,2,815.0241744767637,0.0,2075.46329498291,159
ICNN,0.4,48,0,575.3057284060952,0.0,2056.7619800567627,165
ICNN,0.4,48,1,592.0363060269258,0.0,2615.840435028076,207
ICNN,0.4,48,2,540.8773622879596,0.0,2251.239061355591,179
ICNN,0.6,48,0,422.7634373828592,0.0,2290.8670902252197,179
ICNN,0.6,48,1,490.78453189995884,0.0,2195.4338550567627,178
ICNN,0.6,48,2,691.7428465048151,0.0,2232.834815979004,179
ICNN,0.2,49,0,308.5675271872591,0.0,2703.0255794525146,208
ICNN,0.2,49,1,767.8396032760827,0.0,2008.2790851593018,156
ICNN,0.2,49,2,441.3477614221242,0.0,2510.2005004882812,198
ICNN,0.4,49,0,607.9404590987236,0.0,2068.17364692688,166
ICNN,0.4,49,1,644.4910524108371,0.0,2468.966484069824,182
ICNN,0.4,49,2,435.3042500445717,0.0,2869.105100631714,211
ICNN,0.6,49,0,723.7823531429165,0.0,2267.371416091919,176
ICNN,0.6,49,1,689.1013797579245,0.0,2059.7660541534424,173
ICNN,0.6,49,2,552.2603003917809,0.0,2288.3613109588623,187
